/*
 Navicat Premium Data Transfer

 Source Server         : Localhost
 Source Server Type    : MySQL
 Source Server Version : 100406
 Source Host           : localhost:3306
 Source Schema         : ci-ion-auth

 Target Server Type    : MySQL
 Target Server Version : 100406
 File Encoding         : 65001

 Date: 07/12/2019 23:43:30
*/

SET NAMES utf8mb4;
SET FOREIGN_KEY_CHECKS = 0;

-- ----------------------------
-- Table structure for agencies
-- ----------------------------
DROP TABLE IF EXISTS `agencies`;
CREATE TABLE `agencies`  (
  `id` int(11) NOT NULL AUTO_INCREMENT,
  `name` varchar(255) CHARACTER SET utf8 COLLATE utf8_unicode_ci NOT NULL,
  `name_BN` varchar(255) CHARACTER SET utf8 COLLATE utf8_unicode_ci NULL DEFAULT NULL,
  `head_name` varchar(255) CHARACTER SET utf8 COLLATE utf8_unicode_ci NULL DEFAULT NULL,
  `head_designation` varchar(255) CHARACTER SET utf8 COLLATE utf8_unicode_ci NULL DEFAULT NULL,
  `contact_info` varchar(500) CHARACTER SET utf8 COLLATE utf8_unicode_ci NULL DEFAULT NULL,
  PRIMARY KEY (`id`) USING BTREE
) ENGINE = InnoDB AUTO_INCREMENT = 10 CHARACTER SET = utf8 COLLATE = utf8_unicode_ci ROW_FORMAT = Compact;

-- ----------------------------
-- Records of agencies
-- ----------------------------
INSERT INTO `agencies` VALUES (1, 'JMS', 'জাতীয় মহিলা সংস্থা', 'Kajol Islam', 'Executive Director', NULL);
INSERT INTO `agencies` VALUES (2, 'DWA', 'মহিলা বিষয়ক অধিদপ্তর', NULL, 'Director General', NULL);
INSERT INTO `agencies` VALUES (3, 'BSA', 'বাংলাদেশ শিশু একাডেমী', 'Jyoti Lal', 'Director General', NULL);
INSERT INTO `agencies` VALUES (4, 'MOWCA', 'মহিলা ও শিশু বিষয়ক মন্ত্রণালয়', NULL, NULL, NULL);
INSERT INTO `agencies` VALUES (5, 'JOYEETA', 'জয়িতা ফাউন্ডেশন', NULL, NULL, NULL);
INSERT INTO `agencies` VALUES (7, 'testui', 'testuiuiuiu', 'test', 'etst', 'et');

-- ----------------------------
-- Table structure for brands
-- ----------------------------
DROP TABLE IF EXISTS `brands`;
CREATE TABLE `brands`  (
  `id` int(10) NOT NULL AUTO_INCREMENT,
  `name` varchar(100) CHARACTER SET utf8 COLLATE utf8_unicode_ci NOT NULL,
  `created_at` datetime(0) NULL DEFAULT NULL,
  `updated_at` datetime(0) NULL DEFAULT NULL,
  `created_by` int(10) NULL DEFAULT NULL,
  `updated_by` int(11) NULL DEFAULT NULL,
  `is_active` int(2) NULL DEFAULT NULL,
  `deleted_at` datetime(0) NULL DEFAULT NULL,
  PRIMARY KEY (`id`) USING BTREE
) ENGINE = InnoDB AUTO_INCREMENT = 4 CHARACTER SET = utf8 COLLATE = utf8_unicode_ci ROW_FORMAT = Dynamic;

-- ----------------------------
-- Records of brands
-- ----------------------------
INSERT INTO `brands` VALUES (2, 'HP', '2019-11-26 10:32:22', '2019-11-26 10:32:22', 3, 3, NULL, NULL);
INSERT INTO `brands` VALUES (3, 'Dell', '2019-11-26 10:32:25', '2019-11-26 10:32:25', 3, 3, NULL, NULL);

-- ----------------------------
-- Table structure for categories
-- ----------------------------
DROP TABLE IF EXISTS `categories`;
CREATE TABLE `categories`  (
  `id` int(10) NOT NULL AUTO_INCREMENT,
  `name` varchar(100) CHARACTER SET utf8 COLLATE utf8_unicode_ci NOT NULL,
  `created_at` datetime(0) NULL DEFAULT NULL,
  `updated_at` datetime(0) NULL DEFAULT NULL,
  `created_by` int(10) NULL DEFAULT NULL,
  `updated_by` int(11) NULL DEFAULT NULL,
  `is_active` int(2) NULL DEFAULT NULL,
  `deleted_at` datetime(0) NULL DEFAULT NULL,
  PRIMARY KEY (`id`) USING BTREE
) ENGINE = InnoDB AUTO_INCREMENT = 8 CHARACTER SET = utf8 COLLATE = utf8_unicode_ci ROW_FORMAT = Dynamic;

-- ----------------------------
-- Records of categories
-- ----------------------------
INSERT INTO `categories` VALUES (1, 'ল্যাপটপ', '2019-11-11 14:59:22', NULL, NULL, NULL, 0, NULL);
INSERT INTO `categories` VALUES (2, 'কম্পিউটার', '2019-11-11 15:32:46', '2019-11-11 15:32:46', NULL, NULL, 1, NULL);
INSERT INTO `categories` VALUES (3, 'গাড়ির সরঞ্জামাদি', '2019-11-11 15:35:09', '2019-11-11 15:35:09', 2, NULL, 1, NULL);
INSERT INTO `categories` VALUES (4, 'তেল', '2019-11-11 15:35:33', '2019-11-11 15:35:33', 2, 2, 1, NULL);
INSERT INTO `categories` VALUES (5, 'খাতা/নোটবুক', '2019-11-11 15:35:40', '2019-11-11 15:35:40', 2, 2, 1, NULL);
INSERT INTO `categories` VALUES (6, 'কলম/পেন্সিল', '2019-11-11 15:57:49', '2019-11-11 15:57:49', 2, 2, 1, NULL);
INSERT INTO `categories` VALUES (7, 'কম্পিউটার এক্সেসরিস', '2019-11-25 15:27:00', '2019-11-25 15:27:01', 3, 3, NULL, NULL);

-- ----------------------------
-- Table structure for ci_sessions
-- ----------------------------
DROP TABLE IF EXISTS `ci_sessions`;
CREATE TABLE `ci_sessions`  (
  `id` varchar(128) CHARACTER SET latin1 COLLATE latin1_swedish_ci NOT NULL,
  `ip_address` varchar(45) CHARACTER SET latin1 COLLATE latin1_swedish_ci NOT NULL,
  `timestamp` int(10) UNSIGNED NOT NULL DEFAULT 0,
  `data` blob NOT NULL,
  INDEX `ci_sessions_timestamp`(`timestamp`) USING BTREE
) ENGINE = InnoDB CHARACTER SET = latin1 COLLATE = latin1_swedish_ci ROW_FORMAT = Dynamic;

-- ----------------------------
-- Records of ci_sessions
-- ----------------------------
INSERT INTO `ci_sessions` VALUES ('60225vc7ms29en151352sg0mmdbr8nmt', '::1', 1573452671, 0x5F5F63695F6C6173745F726567656E65726174657C693A313537333435323637313B6964656E746974797C733A31353A2261646D696E4061646D696E2E636F6D223B656D61696C7C733A31353A2261646D696E4061646D696E2E636F6D223B757365725F69647C733A313A2231223B6F6C645F6C6173745F6C6F67696E7C733A343A2232303139223B6C6173745F636865636B7C693A313537333435323637313B);
INSERT INTO `ci_sessions` VALUES ('h7foug326f0habkfokofai10f7o4ck96', '::1', 1573452671, 0x5F5F63695F6C6173745F726567656E65726174657C693A313537333435323637313B6964656E746974797C733A31353A2261646D696E4061646D696E2E636F6D223B656D61696C7C733A31353A2261646D696E4061646D696E2E636F6D223B757365725F69647C733A313A2231223B6F6C645F6C6173745F6C6F67696E7C733A343A2232303139223B6C6173745F636865636B7C693A313537333435323637313B757365725F6C6F676765645F696E7C613A363A7B733A373A22757365725F6964223B733A313A2231223B733A383A22757365726E616D65223B733A31333A2261646D696E6973747261746F72223B733A31303A226C6173745F6C6F67696E223B733A343A2232303139223B733A31303A2266697273745F6E616D65223B733A353A2241646D696E223B733A393A226C6173745F6E616D65223B733A383A226973747261746F72223B733A393A2266696C655F70617468223B733A33333A226173736574732F696D616765732F757365722F313536383631323538382E706E67223B7D73657474696E67735F646174617C613A393A7B733A31313A2273657474696E67735F6964223B733A313A2231223B733A31333A2273657474696E67735F6E616D65223B733A34333A224D6F64756C617220426173652041646D696E4C74652047726F63657279204372756420496F6E2041757468223B733A31343A2273657474696E67735F656D61696C223B733A31363A22696E666F406578616D706C652E636F6D223B733A333A22726567223B733A383A223132333435363738223B733A31313A2265737461626C6973686564223B733A31303A22323031392D30392D3136223B733A31363A2273657474696E67735F61646472657373223B733A32313A22446577616E62617A61722C436869747461676F6E67223B733A373A22666F756E646572223B733A393A2252616A696220446173223B733A31363A2273657474696E67735F636F6E74616374223B733A31313A223031383531333334323335223B733A31383A2273657474696E67735F66696C655F70617468223B733A31343A2233643731612D6C6F676F2E706E67223B7D);
INSERT INTO `ci_sessions` VALUES ('k7jdrueneor5k656tm4s6fchpp77n26k', '::1', 1573452709, 0x5F5F63695F6C6173745F726567656E65726174657C693A313537333435323730393B6964656E746974797C733A31353A2261646D696E4061646D696E2E636F6D223B656D61696C7C733A31353A2261646D696E4061646D696E2E636F6D223B757365725F69647C733A313A2231223B6F6C645F6C6173745F6C6F67696E7C733A343A2232303139223B6C6173745F636865636B7C693A313537333435323730393B);
INSERT INTO `ci_sessions` VALUES ('lp2127asqvbl5d0d4r7p4n6ukteme051', '::1', 1573453176, 0x5F5F63695F6C6173745F726567656E65726174657C693A313537333435333137363B6964656E746974797C733A31353A2261646D696E4061646D696E2E636F6D223B656D61696C7C733A31353A2261646D696E4061646D696E2E636F6D223B757365725F69647C733A313A2231223B6F6C645F6C6173745F6C6F67696E7C733A343A2232303139223B6C6173745F636865636B7C693A313537333435323730393B757365725F6C6F676765645F696E7C613A363A7B733A373A22757365725F6964223B733A313A2231223B733A383A22757365726E616D65223B733A31333A2261646D696E6973747261746F72223B733A31303A226C6173745F6C6F67696E223B733A343A2232303139223B733A31303A2266697273745F6E616D65223B733A353A2241646D696E223B733A393A226C6173745F6E616D65223B733A383A226973747261746F72223B733A393A2266696C655F70617468223B733A33333A226173736574732F696D616765732F757365722F313536383631323538382E706E67223B7D73657474696E67735F646174617C613A393A7B733A31313A2273657474696E67735F6964223B733A313A2231223B733A31333A2273657474696E67735F6E616D65223B733A34333A224D6F64756C617220426173652041646D696E4C74652047726F63657279204372756420496F6E2041757468223B733A31343A2273657474696E67735F656D61696C223B733A31363A22696E666F406578616D706C652E636F6D223B733A333A22726567223B733A383A223132333435363738223B733A31313A2265737461626C6973686564223B733A31303A22323031392D30392D3136223B733A31363A2273657474696E67735F61646472657373223B733A32313A22446577616E62617A61722C436869747461676F6E67223B733A373A22666F756E646572223B733A393A2252616A696220446173223B733A31363A2273657474696E67735F636F6E74616374223B733A31313A223031383531333334323335223B733A31383A2273657474696E67735F66696C655F70617468223B733A31343A2233643731612D6C6F676F2E706E67223B7D);
INSERT INTO `ci_sessions` VALUES ('48olmnd481r5sa2egce3isf2pehaf21v', '::1', 1573453208, 0x5F5F63695F6C6173745F726567656E65726174657C693A313537333435333230383B6964656E746974797C733A31333A227465737440746573742E636F6D223B656D61696C7C733A31333A227465737440746573742E636F6D223B757365725F69647C733A313A2232223B6F6C645F6C6173745F6C6F67696E7C4E3B6C6173745F636865636B7C693A313537333435333230383B);
INSERT INTO `ci_sessions` VALUES ('73u1hl1vk7ashefk58ib8vuf26tn4kf0', '::1', 1573454339, 0x5F5F63695F6C6173745F726567656E65726174657C693A313537333435343333393B6964656E746974797C733A31333A227465737440746573742E636F6D223B656D61696C7C733A31333A227465737440746573742E636F6D223B757365725F69647C733A313A2232223B6F6C645F6C6173745F6C6F67696E7C4E3B6C6173745F636865636B7C693A313537333435333230383B757365725F6C6F676765645F696E7C613A363A7B733A373A22757365725F6964223B733A313A2232223B733A383A22757365726E616D65223B733A343A2274657374223B733A31303A226C6173745F6C6F67696E223B733A343A2232303139223B733A31303A2266697273745F6E616D65223B733A343A2254657374223B733A393A226C6173745F6E616D65223B733A343A2254657374223B733A393A2266696C655F70617468223B733A33333A226173736574732F696D616765732F757365722F313438323832393333352E706E67223B7D73657474696E67735F646174617C613A393A7B733A31313A2273657474696E67735F6964223B733A313A2231223B733A31333A2273657474696E67735F6E616D65223B733A34333A224D6F64756C617220426173652041646D696E4C74652047726F63657279204372756420496F6E2041757468223B733A31343A2273657474696E67735F656D61696C223B733A31363A22696E666F406578616D706C652E636F6D223B733A333A22726567223B733A383A223132333435363738223B733A31313A2265737461626C6973686564223B733A31303A22323031392D30392D3136223B733A31363A2273657474696E67735F61646472657373223B733A32313A22446577616E62617A61722C436869747461676F6E67223B733A373A22666F756E646572223B733A393A2252616A696220446173223B733A31363A2273657474696E67735F636F6E74616374223B733A31313A223031383531333334323335223B733A31383A2273657474696E67735F66696C655F70617468223B733A31343A2233643731612D6C6F676F2E706E67223B7D);
INSERT INTO `ci_sessions` VALUES ('9am80hri8mk4l8j8jh5ll11mr64oi3pq', '::1', 1573460377, 0x5F5F63695F6C6173745F726567656E65726174657C693A313537333436303337373B6964656E746974797C733A31333A227465737440746573742E636F6D223B656D61696C7C733A31333A227465737440746573742E636F6D223B757365725F69647C733A313A2232223B6F6C645F6C6173745F6C6F67696E7C4E3B6C6173745F636865636B7C693A313537333435333230383B757365725F6C6F676765645F696E7C613A363A7B733A373A22757365725F6964223B733A313A2232223B733A383A22757365726E616D65223B733A343A2274657374223B733A31303A226C6173745F6C6F67696E223B733A343A2232303139223B733A31303A2266697273745F6E616D65223B733A343A2254657374223B733A393A226C6173745F6E616D65223B733A343A2254657374223B733A393A2266696C655F70617468223B733A33333A226173736574732F696D616765732F757365722F313438323832393333352E706E67223B7D73657474696E67735F646174617C613A393A7B733A31313A2273657474696E67735F6964223B733A313A2231223B733A31333A2273657474696E67735F6E616D65223B733A34333A224D6F64756C617220426173652041646D696E4C74652047726F63657279204372756420496F6E2041757468223B733A31343A2273657474696E67735F656D61696C223B733A31363A22696E666F406578616D706C652E636F6D223B733A333A22726567223B733A383A223132333435363738223B733A31313A2265737461626C6973686564223B733A31303A22323031392D30392D3136223B733A31363A2273657474696E67735F61646472657373223B733A32313A22446577616E62617A61722C436869747461676F6E67223B733A373A22666F756E646572223B733A393A2252616A696220446173223B733A31363A2273657474696E67735F636F6E74616374223B733A31313A223031383531333334323335223B733A31383A2273657474696E67735F66696C655F70617468223B733A31343A2233643731612D6C6F676F2E706E67223B7D);
INSERT INTO `ci_sessions` VALUES ('ih84335gg1vd3ana7id36f8hp1fsnr10', '::1', 1573460893, 0x5F5F63695F6C6173745F726567656E65726174657C693A313537333436303839333B6964656E746974797C733A31333A227465737440746573742E636F6D223B656D61696C7C733A31333A227465737440746573742E636F6D223B757365725F69647C733A313A2232223B6F6C645F6C6173745F6C6F67696E7C4E3B6C6173745F636865636B7C693A313537333435333230383B757365725F6C6F676765645F696E7C613A363A7B733A373A22757365725F6964223B733A313A2232223B733A383A22757365726E616D65223B733A343A2274657374223B733A31303A226C6173745F6C6F67696E223B733A343A2232303139223B733A31303A2266697273745F6E616D65223B733A343A2254657374223B733A393A226C6173745F6E616D65223B733A343A2254657374223B733A393A2266696C655F70617468223B733A33333A226173736574732F696D616765732F757365722F313438323832393333352E706E67223B7D73657474696E67735F646174617C613A393A7B733A31313A2273657474696E67735F6964223B733A313A2231223B733A31333A2273657474696E67735F6E616D65223B733A34333A224D6F64756C617220426173652041646D696E4C74652047726F63657279204372756420496F6E2041757468223B733A31343A2273657474696E67735F656D61696C223B733A31363A22696E666F406578616D706C652E636F6D223B733A333A22726567223B733A383A223132333435363738223B733A31313A2265737461626C6973686564223B733A31303A22323031392D30392D3136223B733A31363A2273657474696E67735F61646472657373223B733A32313A22446577616E62617A61722C436869747461676F6E67223B733A373A22666F756E646572223B733A393A2252616A696220446173223B733A31363A2273657474696E67735F636F6E74616374223B733A31313A223031383531333334323335223B733A31383A2273657474696E67735F66696C655F70617468223B733A31343A2233643731612D6C6F676F2E706E67223B7D);
INSERT INTO `ci_sessions` VALUES ('npqjlpodf2es75i971je7uq1tapudfb8', '::1', 1573461307, 0x5F5F63695F6C6173745F726567656E65726174657C693A313537333436313330373B6964656E746974797C733A31333A227465737440746573742E636F6D223B656D61696C7C733A31333A227465737440746573742E636F6D223B757365725F69647C733A313A2232223B6F6C645F6C6173745F6C6F67696E7C4E3B6C6173745F636865636B7C693A313537333435333230383B757365725F6C6F676765645F696E7C613A363A7B733A373A22757365725F6964223B733A313A2232223B733A383A22757365726E616D65223B733A343A2274657374223B733A31303A226C6173745F6C6F67696E223B733A343A2232303139223B733A31303A2266697273745F6E616D65223B733A343A2254657374223B733A393A226C6173745F6E616D65223B733A343A2254657374223B733A393A2266696C655F70617468223B733A33333A226173736574732F696D616765732F757365722F313438323832393333352E706E67223B7D73657474696E67735F646174617C613A393A7B733A31313A2273657474696E67735F6964223B733A313A2231223B733A31333A2273657474696E67735F6E616D65223B733A34333A224D6F64756C617220426173652041646D696E4C74652047726F63657279204372756420496F6E2041757468223B733A31343A2273657474696E67735F656D61696C223B733A31363A22696E666F406578616D706C652E636F6D223B733A333A22726567223B733A383A223132333435363738223B733A31313A2265737461626C6973686564223B733A31303A22323031392D30392D3136223B733A31363A2273657474696E67735F61646472657373223B733A32313A22446577616E62617A61722C436869747461676F6E67223B733A373A22666F756E646572223B733A393A2252616A696220446173223B733A31363A2273657474696E67735F636F6E74616374223B733A31313A223031383531333334323335223B733A31383A2273657474696E67735F66696C655F70617468223B733A31343A2233643731612D6C6F676F2E706E67223B7D);
INSERT INTO `ci_sessions` VALUES ('qnn7cmfrvtnsti31skmc910fidtck3sa', '::1', 1573462238, 0x5F5F63695F6C6173745F726567656E65726174657C693A313537333436323233383B6964656E746974797C733A31333A227465737440746573742E636F6D223B656D61696C7C733A31333A227465737440746573742E636F6D223B757365725F69647C733A313A2232223B6F6C645F6C6173745F6C6F67696E7C4E3B6C6173745F636865636B7C693A313537333435333230383B757365725F6C6F676765645F696E7C613A363A7B733A373A22757365725F6964223B733A313A2232223B733A383A22757365726E616D65223B733A343A2274657374223B733A31303A226C6173745F6C6F67696E223B733A343A2232303139223B733A31303A2266697273745F6E616D65223B733A343A2254657374223B733A393A226C6173745F6E616D65223B733A343A2254657374223B733A393A2266696C655F70617468223B733A33333A226173736574732F696D616765732F757365722F313438323832393333352E706E67223B7D73657474696E67735F646174617C613A393A7B733A31313A2273657474696E67735F6964223B733A313A2231223B733A31333A2273657474696E67735F6E616D65223B733A34333A224D6F64756C617220426173652041646D696E4C74652047726F63657279204372756420496F6E2041757468223B733A31343A2273657474696E67735F656D61696C223B733A31363A22696E666F406578616D706C652E636F6D223B733A333A22726567223B733A383A223132333435363738223B733A31313A2265737461626C6973686564223B733A31303A22323031392D30392D3136223B733A31363A2273657474696E67735F61646472657373223B733A32313A22446577616E62617A61722C436869747461676F6E67223B733A373A22666F756E646572223B733A393A2252616A696220446173223B733A31363A2273657474696E67735F636F6E74616374223B733A31313A223031383531333334323335223B733A31383A2273657474696E67735F66696C655F70617468223B733A31343A2233643731612D6C6F676F2E706E67223B7D6D6573736167657C733A35323A22596F75206D75737420626520616E2061646D696E6973747261746F7220746F20766965772074686520757365727320706167652E223B5F5F63695F766172737C613A313A7B733A373A226D657373616765223B733A333A226F6C64223B7D);
INSERT INTO `ci_sessions` VALUES ('l1isq3jfqip350f4bh1oflveo6v3t6ti', '::1', 1573462748, 0x5F5F63695F6C6173745F726567656E65726174657C693A313537333436323734383B6964656E746974797C733A31333A227465737440746573742E636F6D223B656D61696C7C733A31333A227465737440746573742E636F6D223B757365725F69647C733A313A2232223B6F6C645F6C6173745F6C6F67696E7C4E3B6C6173745F636865636B7C693A313537333435333230383B757365725F6C6F676765645F696E7C613A363A7B733A373A22757365725F6964223B733A313A2232223B733A383A22757365726E616D65223B733A343A2274657374223B733A31303A226C6173745F6C6F67696E223B733A343A2232303139223B733A31303A2266697273745F6E616D65223B733A343A2254657374223B733A393A226C6173745F6E616D65223B733A343A2254657374223B733A393A2266696C655F70617468223B733A33333A226173736574732F696D616765732F757365722F313438323832393333352E706E67223B7D73657474696E67735F646174617C613A393A7B733A31313A2273657474696E67735F6964223B733A313A2231223B733A31333A2273657474696E67735F6E616D65223B733A34333A224D6F64756C617220426173652041646D696E4C74652047726F63657279204372756420496F6E2041757468223B733A31343A2273657474696E67735F656D61696C223B733A31363A22696E666F406578616D706C652E636F6D223B733A333A22726567223B733A383A223132333435363738223B733A31313A2265737461626C6973686564223B733A31303A22323031392D30392D3136223B733A31363A2273657474696E67735F61646472657373223B733A32313A22446577616E62617A61722C436869747461676F6E67223B733A373A22666F756E646572223B733A393A2252616A696220446173223B733A31363A2273657474696E67735F636F6E74616374223B733A31313A223031383531333334323335223B733A31383A2273657474696E67735F66696C655F70617468223B733A31343A2233643731612D6C6F676F2E706E67223B7D);
INSERT INTO `ci_sessions` VALUES ('2qc9s7uccoqj998fvetm4teudnm65fje', '::1', 1573464423, 0x5F5F63695F6C6173745F726567656E65726174657C693A313537333436343432333B6964656E746974797C733A31333A227465737440746573742E636F6D223B656D61696C7C733A31333A227465737440746573742E636F6D223B757365725F69647C733A313A2232223B6F6C645F6C6173745F6C6F67696E7C4E3B6C6173745F636865636B7C693A313537333435333230383B757365725F6C6F676765645F696E7C613A363A7B733A373A22757365725F6964223B733A313A2232223B733A383A22757365726E616D65223B733A343A2274657374223B733A31303A226C6173745F6C6F67696E223B733A343A2232303139223B733A31303A2266697273745F6E616D65223B733A343A2254657374223B733A393A226C6173745F6E616D65223B733A343A2254657374223B733A393A2266696C655F70617468223B733A33333A226173736574732F696D616765732F757365722F313438323832393333352E706E67223B7D73657474696E67735F646174617C613A393A7B733A31313A2273657474696E67735F6964223B733A313A2231223B733A31333A2273657474696E67735F6E616D65223B733A34333A224D6F64756C617220426173652041646D696E4C74652047726F63657279204372756420496F6E2041757468223B733A31343A2273657474696E67735F656D61696C223B733A31363A22696E666F406578616D706C652E636F6D223B733A333A22726567223B733A383A223132333435363738223B733A31313A2265737461626C6973686564223B733A31303A22323031392D30392D3136223B733A31363A2273657474696E67735F61646472657373223B733A32313A22446577616E62617A61722C436869747461676F6E67223B733A373A22666F756E646572223B733A393A2252616A696220446173223B733A31363A2273657474696E67735F636F6E74616374223B733A31313A223031383531333334323335223B733A31383A2273657474696E67735F66696C655F70617468223B733A31343A2233643731612D6C6F676F2E706E67223B7D);
INSERT INTO `ci_sessions` VALUES ('u07h200hq7rl7cr6lmo7snmlad1jbna5', '::1', 1573464738, 0x5F5F63695F6C6173745F726567656E65726174657C693A313537333436343733383B6964656E746974797C733A31333A227465737440746573742E636F6D223B656D61696C7C733A31333A227465737440746573742E636F6D223B757365725F69647C733A313A2232223B6F6C645F6C6173745F6C6F67696E7C4E3B6C6173745F636865636B7C693A313537333435333230383B757365725F6C6F676765645F696E7C613A363A7B733A373A22757365725F6964223B733A313A2232223B733A383A22757365726E616D65223B733A343A2274657374223B733A31303A226C6173745F6C6F67696E223B733A343A2232303139223B733A31303A2266697273745F6E616D65223B733A343A2254657374223B733A393A226C6173745F6E616D65223B733A343A2254657374223B733A393A2266696C655F70617468223B733A33333A226173736574732F696D616765732F757365722F313438323832393333352E706E67223B7D73657474696E67735F646174617C613A393A7B733A31313A2273657474696E67735F6964223B733A313A2231223B733A31333A2273657474696E67735F6E616D65223B733A34333A224D6F64756C617220426173652041646D696E4C74652047726F63657279204372756420496F6E2041757468223B733A31343A2273657474696E67735F656D61696C223B733A31363A22696E666F406578616D706C652E636F6D223B733A333A22726567223B733A383A223132333435363738223B733A31313A2265737461626C6973686564223B733A31303A22323031392D30392D3136223B733A31363A2273657474696E67735F61646472657373223B733A32313A22446577616E62617A61722C436869747461676F6E67223B733A373A22666F756E646572223B733A393A2252616A696220446173223B733A31363A2273657474696E67735F636F6E74616374223B733A31313A223031383531333334323335223B733A31383A2273657474696E67735F66696C655F70617468223B733A31343A2233643731612D6C6F676F2E706E67223B7D);
INSERT INTO `ci_sessions` VALUES ('b7qgn4j7a31inhcgcorrjqco2sbr3p5b', '::1', 1573466259, 0x5F5F63695F6C6173745F726567656E65726174657C693A313537333436363235393B6964656E746974797C733A31333A227465737440746573742E636F6D223B656D61696C7C733A31333A227465737440746573742E636F6D223B757365725F69647C733A313A2232223B6F6C645F6C6173745F6C6F67696E7C4E3B6C6173745F636865636B7C693A313537333435333230383B757365725F6C6F676765645F696E7C613A363A7B733A373A22757365725F6964223B733A313A2232223B733A383A22757365726E616D65223B733A343A2274657374223B733A31303A226C6173745F6C6F67696E223B733A343A2232303139223B733A31303A2266697273745F6E616D65223B733A343A2254657374223B733A393A226C6173745F6E616D65223B733A343A2254657374223B733A393A2266696C655F70617468223B733A33333A226173736574732F696D616765732F757365722F313438323832393333352E706E67223B7D73657474696E67735F646174617C613A393A7B733A31313A2273657474696E67735F6964223B733A313A2231223B733A31333A2273657474696E67735F6E616D65223B733A34333A224D6F64756C617220426173652041646D696E4C74652047726F63657279204372756420496F6E2041757468223B733A31343A2273657474696E67735F656D61696C223B733A31363A22696E666F406578616D706C652E636F6D223B733A333A22726567223B733A383A223132333435363738223B733A31313A2265737461626C6973686564223B733A31303A22323031392D30392D3136223B733A31363A2273657474696E67735F61646472657373223B733A32313A22446577616E62617A61722C436869747461676F6E67223B733A373A22666F756E646572223B733A393A2252616A696220446173223B733A31363A2273657474696E67735F636F6E74616374223B733A31313A223031383531333334323335223B733A31383A2273657474696E67735F66696C655F70617468223B733A31343A2233643731612D6C6F676F2E706E67223B7D);
INSERT INTO `ci_sessions` VALUES ('iglibtnkmmbldqa7m0otfdhnvn7fkdme', '::1', 1573466318, 0x5F5F63695F6C6173745F726567656E65726174657C693A313537333436363331383B6964656E746974797C733A31353A2261646D696E4061646D696E2E636F6D223B656D61696C7C733A31353A2261646D696E4061646D696E2E636F6D223B757365725F69647C733A313A2231223B6F6C645F6C6173745F6C6F67696E7C733A343A2232303139223B6C6173745F636865636B7C693A313537333436363331383B);
INSERT INTO `ci_sessions` VALUES ('78ekvkkjt7milafca85jqbm93df5qmfo', '::1', 1573466747, 0x5F5F63695F6C6173745F726567656E65726174657C693A313537333436363734373B6D6573736167657C733A34383A223C703E54656D706F726172696C79204C6F636B6564204F75742E202054727920616761696E206C617465722E3C2F703E223B5F5F63695F766172737C613A313A7B733A373A226D657373616765223B733A333A226F6C64223B7D);
INSERT INTO `ci_sessions` VALUES ('enqucm94cpfm2bi9ln3cvm9s6ep3c4k5', '::1', 1573466866, 0x5F5F63695F6C6173745F726567656E65726174657C693A313537333436363836363B6964656E746974797C733A31393A2261646D696E406C6F63616C686F73742E636F6D223B656D61696C7C733A31393A2261646D696E406C6F63616C686F73742E636F6D223B757365725F69647C733A313A2233223B6F6C645F6C6173745F6C6F67696E7C4E3B6C6173745F636865636B7C693A313537333436363836363B);
INSERT INTO `ci_sessions` VALUES ('3jcfoo4u97p8d3u64ekc988167467q3h', '::1', 1573467262, 0x5F5F63695F6C6173745F726567656E65726174657C693A313537333436373236323B6964656E746974797C733A31393A2261646D696E406C6F63616C686F73742E636F6D223B656D61696C7C733A31393A2261646D696E406C6F63616C686F73742E636F6D223B757365725F69647C733A313A2233223B6F6C645F6C6173745F6C6F67696E7C4E3B6C6173745F636865636B7C693A313537333436363836363B757365725F6C6F676765645F696E7C613A363A7B733A373A22757365725F6964223B733A313A2233223B733A383A22757365726E616D65223B733A353A2261646D696E223B733A31303A226C6173745F6C6F67696E223B733A343A2232303139223B733A31303A2266697273745F6E616D65223B733A353A2241646D696E223B733A393A226C6173745F6E616D65223B733A353A2261646D696E223B733A393A2266696C655F70617468223B4E3B7D73657474696E67735F646174617C613A393A7B733A31313A2273657474696E67735F6964223B733A313A2231223B733A31333A2273657474696E67735F6E616D65223B733A34333A224D6F64756C617220426173652041646D696E4C74652047726F63657279204372756420496F6E2041757468223B733A31343A2273657474696E67735F656D61696C223B733A31363A22696E666F406578616D706C652E636F6D223B733A333A22726567223B733A383A223132333435363738223B733A31313A2265737461626C6973686564223B733A31303A22323031392D30392D3136223B733A31363A2273657474696E67735F61646472657373223B733A32313A22446577616E62617A61722C436869747461676F6E67223B733A373A22666F756E646572223B733A393A2252616A696220446173223B733A31363A2273657474696E67735F636F6E74616374223B733A31313A223031383531333334323335223B733A31383A2273657474696E67735F66696C655F70617468223B733A31343A2233643731612D6C6F676F2E706E67223B7D);
INSERT INTO `ci_sessions` VALUES ('8hjqv5djfopvo1r9p09j6gclosgifkio', '::1', 1573467745, 0x5F5F63695F6C6173745F726567656E65726174657C693A313537333436373734353B6964656E746974797C733A31393A2261646D696E406C6F63616C686F73742E636F6D223B656D61696C7C733A31393A2261646D696E406C6F63616C686F73742E636F6D223B757365725F69647C733A313A2233223B6F6C645F6C6173745F6C6F67696E7C4E3B6C6173745F636865636B7C693A313537333436363836363B757365725F6C6F676765645F696E7C613A363A7B733A373A22757365725F6964223B733A313A2233223B733A383A22757365726E616D65223B733A353A2261646D696E223B733A31303A226C6173745F6C6F67696E223B733A343A2232303139223B733A31303A2266697273745F6E616D65223B733A353A2241646D696E223B733A393A226C6173745F6E616D65223B733A353A2261646D696E223B733A393A2266696C655F70617468223B4E3B7D73657474696E67735F646174617C613A393A7B733A31313A2273657474696E67735F6964223B733A313A2231223B733A31333A2273657474696E67735F6E616D65223B733A34333A224D6F64756C617220426173652041646D696E4C74652047726F63657279204372756420496F6E2041757468223B733A31343A2273657474696E67735F656D61696C223B733A31363A22696E666F406578616D706C652E636F6D223B733A333A22726567223B733A383A223132333435363738223B733A31313A2265737461626C6973686564223B733A31303A22323031392D30392D3136223B733A31363A2273657474696E67735F61646472657373223B733A32313A22446577616E62617A61722C436869747461676F6E67223B733A373A22666F756E646572223B733A393A2252616A696220446173223B733A31363A2273657474696E67735F636F6E74616374223B733A31313A223031383531333334323335223B733A31383A2273657474696E67735F66696C655F70617468223B733A31343A2233643731612D6C6F676F2E706E67223B7D);
INSERT INTO `ci_sessions` VALUES ('7lf4duseet804vumsf44i7hamfi2v5na', '::1', 1573467937, 0x5F5F63695F6C6173745F726567656E65726174657C693A313537333436373734353B6964656E746974797C733A31393A2261646D696E406C6F63616C686F73742E636F6D223B656D61696C7C733A31393A2261646D696E406C6F63616C686F73742E636F6D223B757365725F69647C733A313A2233223B6F6C645F6C6173745F6C6F67696E7C4E3B6C6173745F636865636B7C693A313537333436363836363B757365725F6C6F676765645F696E7C613A363A7B733A373A22757365725F6964223B733A313A2233223B733A383A22757365726E616D65223B733A353A2261646D696E223B733A31303A226C6173745F6C6F67696E223B733A343A2232303139223B733A31303A2266697273745F6E616D65223B733A353A2241646D696E223B733A393A226C6173745F6E616D65223B733A353A2261646D696E223B733A393A2266696C655F70617468223B4E3B7D73657474696E67735F646174617C613A393A7B733A31313A2273657474696E67735F6964223B733A313A2231223B733A31333A2273657474696E67735F6E616D65223B733A34333A224D6F64756C617220426173652041646D696E4C74652047726F63657279204372756420496F6E2041757468223B733A31343A2273657474696E67735F656D61696C223B733A31363A22696E666F406578616D706C652E636F6D223B733A333A22726567223B733A383A223132333435363738223B733A31313A2265737461626C6973686564223B733A31303A22323031392D30392D3136223B733A31363A2273657474696E67735F61646472657373223B733A32313A22446577616E62617A61722C436869747461676F6E67223B733A373A22666F756E646572223B733A393A2252616A696220446173223B733A31363A2273657474696E67735F636F6E74616374223B733A31313A223031383531333334323335223B733A31383A2273657474696E67735F66696C655F70617468223B733A31343A2233643731612D6C6F676F2E706E67223B7D);

-- ----------------------------
-- Table structure for groups
-- ----------------------------
DROP TABLE IF EXISTS `groups`;
CREATE TABLE `groups`  (
  `id` mediumint(8) UNSIGNED NOT NULL AUTO_INCREMENT,
  `name` varchar(20) CHARACTER SET utf8 COLLATE utf8_general_ci NOT NULL,
  `description` varchar(100) CHARACTER SET utf8 COLLATE utf8_general_ci NOT NULL,
  PRIMARY KEY (`id`) USING BTREE
) ENGINE = InnoDB AUTO_INCREMENT = 4 CHARACTER SET = utf8 COLLATE = utf8_general_ci ROW_FORMAT = Dynamic;

-- ----------------------------
-- Records of groups
-- ----------------------------
INSERT INTO `groups` VALUES (1, 'admin', 'Administrator');
INSERT INTO `groups` VALUES (2, 'members', 'General User');
INSERT INTO `groups` VALUES (3, 'Manager', 'Manager');

-- ----------------------------
-- Table structure for login_attempts
-- ----------------------------
DROP TABLE IF EXISTS `login_attempts`;
CREATE TABLE `login_attempts`  (
  `id` int(11) UNSIGNED NOT NULL AUTO_INCREMENT,
  `ip_address` varchar(45) CHARACTER SET utf8 COLLATE utf8_general_ci NOT NULL,
  `login` varchar(100) CHARACTER SET utf8 COLLATE utf8_general_ci NOT NULL,
  `time` int(11) UNSIGNED NULL DEFAULT NULL,
  PRIMARY KEY (`id`) USING BTREE
) ENGINE = InnoDB AUTO_INCREMENT = 27 CHARACTER SET = utf8 COLLATE = utf8_general_ci ROW_FORMAT = Dynamic;

-- ----------------------------
-- Table structure for migrations
-- ----------------------------
DROP TABLE IF EXISTS `migrations`;
CREATE TABLE `migrations`  (
  `version` bigint(20) NOT NULL
) ENGINE = InnoDB CHARACTER SET = utf8 COLLATE = utf8_general_ci ROW_FORMAT = Dynamic;

-- ----------------------------
-- Records of migrations
-- ----------------------------
INSERT INTO `migrations` VALUES (20171017120422);

-- ----------------------------
-- Table structure for orders
-- ----------------------------
DROP TABLE IF EXISTS `orders`;
CREATE TABLE `orders`  (
  `id` int(10) NOT NULL AUTO_INCREMENT,
  `section_id` int(10) NOT NULL,
  `order_date` date NULL DEFAULT NULL,
  `request_date` datetime(0) NULL DEFAULT NULL,
  `go_no` varchar(100) CHARACTER SET utf8 COLLATE utf8_unicode_ci NULL DEFAULT NULL,
  `note` varchar(255) CHARACTER SET utf8 COLLATE utf8_unicode_ci NULL DEFAULT NULL,
  `created_at` datetime(0) NULL DEFAULT NULL,
  `updated_at` datetime(0) NULL DEFAULT NULL,
  `created_by` int(10) NULL DEFAULT NULL,
  `updated_by` int(11) NULL DEFAULT NULL,
  `is_active` int(2) NULL DEFAULT NULL,
  `deleted_at` datetime(0) NULL DEFAULT NULL,
  PRIMARY KEY (`id`) USING BTREE
) ENGINE = InnoDB AUTO_INCREMENT = 2 CHARACTER SET = utf8 COLLATE = utf8_unicode_ci ROW_FORMAT = Dynamic;

-- ----------------------------
-- Records of orders
-- ----------------------------
INSERT INTO `orders` VALUES (1, 2, '2019-12-03', NULL, '6767', 'sdsd', '2019-12-05 11:54:56', '2019-12-05 11:54:56', 3, 3, 1, NULL);

-- ----------------------------
-- Table structure for partners
-- ----------------------------
DROP TABLE IF EXISTS `partners`;
CREATE TABLE `partners`  (
  `id` int(11) NOT NULL AUTO_INCREMENT,
  `name` varchar(255) CHARACTER SET utf8 COLLATE utf8_unicode_ci NULL DEFAULT NULL,
  `name_BN` varchar(255) CHARACTER SET utf8 COLLATE utf8_unicode_ci NULL DEFAULT NULL,
  `partner_head_name` varchar(255) CHARACTER SET utf8 COLLATE utf8_unicode_ci NULL DEFAULT NULL,
  `partner_head_phone` varchar(20) CHARACTER SET utf8 COLLATE utf8_unicode_ci NULL DEFAULT NULL,
  `partner_head_email` varchar(100) CHARACTER SET utf8 COLLATE utf8_unicode_ci NULL DEFAULT NULL,
  `address` varchar(500) CHARACTER SET utf8 COLLATE utf8_unicode_ci NULL DEFAULT NULL,
  `is_active` varchar(255) CHARACTER SET utf8 COLLATE utf8_unicode_ci NULL DEFAULT NULL,
  PRIMARY KEY (`id`) USING BTREE
) ENGINE = InnoDB AUTO_INCREMENT = 15 CHARACTER SET = utf8 COLLATE = utf8_unicode_ci ROW_FORMAT = Compact;

-- ----------------------------
-- Records of partners
-- ----------------------------
INSERT INTO `partners` VALUES (1, 'মহিলা ও শিশু বিষয়ক মন্ত্রণালয়', 'মহিলা ও শিশু বিষয়ক মন্ত্রণালয়', NULL, NULL, NULL, NULL, '1');
INSERT INTO `partners` VALUES (2, 'মহিলা বিষয়ক অধিদপ্তর', 'মহিলা বিষয়ক অধিদপ্তর', NULL, NULL, NULL, NULL, '1');
INSERT INTO `partners` VALUES (3, 'জাতীয় মহিলা সংস্থা', 'জাতীয় মহিলা সংস্থা', NULL, NULL, NULL, NULL, '1');
INSERT INTO `partners` VALUES (4, 'স্বর্ণ কিশোরী নেটওয়ার্ক ফাউন্ডেশন', 'স্বর্ণ কিশোরী নেটওয়ার্ক ফাউন্ডেশন', NULL, NULL, NULL, NULL, '1');
INSERT INTO `partners` VALUES (5, 'বাংলাদেশ শিশু একাডেমী', 'বাংলাদেশ শিশু একাডেমী', NULL, NULL, NULL, NULL, '1');
INSERT INTO `partners` VALUES (6, 'বি ডব্লিউ সি সি আই', 'বি ডব্লিউ সি সি আই', NULL, NULL, NULL, NULL, '1');
INSERT INTO `partners` VALUES (7, 'কেয়ার ফর মাদার এন্ড চিলড্রেন ফাউন্ডেশন', 'কেয়ার ফর মাদার এন্ড চিলড্রেন ফাউন্ডেশন', NULL, NULL, NULL, NULL, '1');
INSERT INTO `partners` VALUES (8, 'আইসিএইচড', 'আইসিএইচডি', '', '', '', '', '1');
INSERT INTO `partners` VALUES (9, 'জয়িতা ফাউন্ডেশন', 'জয়িতা ফাউন্ডেশন', '', '', '', '', '1');
INSERT INTO `partners` VALUES (10, 'স্পন্দন-বি', 'স্পন্দন-বি', '', '', '', '', '1');
INSERT INTO `partners` VALUES (11, 'সুচনা ফাউন্ডেশন', 'সুচনা ফাউন্ডেশন', '', '', '', '', '1');
INSERT INTO `partners` VALUES (12, 'এফপিএবি', 'এফপিএবি', '', '', '', '', '1');
INSERT INTO `partners` VALUES (13, 'এআরপি', 'এআরপি', '', '', '', '', '1');
INSERT INTO `partners` VALUES (14, 'এস এম ই ফাউন্ডেশন', 'এস এম ই ফাউন্ডেশন', '', '', '', '', '1');

-- ----------------------------
-- Table structure for products
-- ----------------------------
DROP TABLE IF EXISTS `products`;
CREATE TABLE `products`  (
  `id` int(11) NOT NULL AUTO_INCREMENT,
  `name` varchar(100) CHARACTER SET utf8 COLLATE utf8_unicode_ci NOT NULL,
  `category_id` int(11) NOT NULL,
  `brand_id` int(11) NOT NULL,
  `model` varchar(50) CHARACTER SET utf8 COLLATE utf8_unicode_ci NULL DEFAULT NULL,
  `size` varchar(100) CHARACTER SET utf8 COLLATE utf8_unicode_ci NULL DEFAULT NULL,
  `color` varchar(15) CHARACTER SET utf8 COLLATE utf8_unicode_ci NULL DEFAULT NULL,
  `stock_available` int(20) NULL DEFAULT NULL,
  `created_at` datetime(0) NULL DEFAULT NULL,
  `created_by` int(10) NULL DEFAULT NULL,
  `updated_at` datetime(0) NULL DEFAULT NULL,
  `updated_by` int(10) NULL DEFAULT NULL,
  `deleted_at` datetime(0) NULL DEFAULT NULL,
  `is_active` tinyint(4) NULL DEFAULT NULL,
  PRIMARY KEY (`id`) USING BTREE
) ENGINE = InnoDB AUTO_INCREMENT = 7 CHARACTER SET = utf8 COLLATE = utf8_unicode_ci ROW_FORMAT = Dynamic;

-- ----------------------------
-- Records of products
-- ----------------------------
INSERT INTO `products` VALUES (2, 'My laptop', 6, 2, 'qqw100', '234', 'red', 102, '2019-11-26 15:51:56', 3, '2019-11-28 12:56:45', 3, NULL, 1);
INSERT INTO `products` VALUES (3, 'Mouse', 5, 3, 'qqw100', '2.3', 'red', 100, '2019-12-01 15:13:35', 3, '2019-12-01 15:13:35', 3, NULL, 1);
INSERT INTO `products` VALUES (4, 'Keyboard', 5, 3, 'qqw100', '4', 'red', 105, '2019-12-01 15:13:46', 3, '2019-12-01 15:13:46', 3, NULL, 1);
INSERT INTO `products` VALUES (5, 'Model', 5, 2, 'qqw100', '4', 'red', 138, '2019-12-01 15:13:53', 3, '2019-12-01 15:13:53', 3, NULL, 1);
INSERT INTO `products` VALUES (6, 'সাবান', 6, 3, 'qqw100', '1', 'white', 90, '2019-12-02 15:04:40', 3, '2019-12-02 15:05:33', 3, NULL, 1);

-- ----------------------------
-- Table structure for project_maintypes
-- ----------------------------
DROP TABLE IF EXISTS `project_maintypes`;
CREATE TABLE `project_maintypes`  (
  `id` int(11) NOT NULL AUTO_INCREMENT,
  `name` varchar(50) CHARACTER SET utf8 COLLATE utf8_unicode_ci NULL DEFAULT NULL,
  `name_BN` varchar(50) CHARACTER SET utf8 COLLATE utf8_unicode_ci NULL DEFAULT NULL,
  PRIMARY KEY (`id`) USING BTREE
) ENGINE = InnoDB AUTO_INCREMENT = 3 CHARACTER SET = utf8 COLLATE = utf8_unicode_ci ROW_FORMAT = Compact;

-- ----------------------------
-- Records of project_maintypes
-- ----------------------------
INSERT INTO `project_maintypes` VALUES (1, 'Project', 'প্রকল্প');
INSERT INTO `project_maintypes` VALUES (2, 'Program', 'কর্মসুচি');

-- ----------------------------
-- Table structure for projects
-- ----------------------------
DROP TABLE IF EXISTS `projects`;
CREATE TABLE `projects`  (
  `id` int(11) NOT NULL AUTO_INCREMENT,
  `name` varchar(255) CHARACTER SET utf8 COLLATE utf8_unicode_ci NULL DEFAULT NULL,
  `name_BN` varchar(255) CHARACTER SET utf8 COLLATE utf8_unicode_ci NULL DEFAULT NULL,
  `type_id` varchar(50) CHARACTER SET latin1 COLLATE latin1_swedish_ci NULL DEFAULT NULL,
  `type_BN` varchar(50) CHARACTER SET utf8 COLLATE utf8_unicode_ci NULL DEFAULT NULL,
  `main_type_id` int(11) NULL DEFAULT NULL,
  `main_type_BN` varchar(50) CHARACTER SET utf8 COLLATE utf8_unicode_ci NULL DEFAULT NULL,
  `agency_id` tinyint(4) NULL DEFAULT NULL,
  `agency_name` varchar(50) CHARACTER SET utf8 COLLATE utf8_unicode_ci NULL DEFAULT NULL,
  `partner_id` int(11) NULL DEFAULT NULL,
  `partner_name` varchar(100) CHARACTER SET utf8 COLLATE utf8_unicode_ci NULL DEFAULT NULL,
  `project_director_name` varchar(255) CHARACTER SET utf8 COLLATE utf8_unicode_ci NULL DEFAULT NULL,
  `project_director_designation` varchar(255) CHARACTER SET utf8 COLLATE utf8_unicode_ci NULL DEFAULT NULL,
  `project_director_phone_no` varchar(20) CHARACTER SET utf8 COLLATE utf8_unicode_ci NULL DEFAULT NULL,
  `project_director_email` varchar(100) CHARACTER SET latin1 COLLATE latin1_swedish_ci NULL DEFAULT NULL,
  `created_at` datetime(0) NULL DEFAULT NULL,
  `created_by` tinyint(4) NULL DEFAULT NULL,
  `updated_at` datetime(0) NULL DEFAULT NULL,
  `updated_by` tinyint(4) NULL DEFAULT NULL,
  `is_active` tinyint(1) NULL DEFAULT NULL,
  PRIMARY KEY (`id`) USING BTREE
) ENGINE = InnoDB AUTO_INCREMENT = 51 CHARACTER SET = latin1 COLLATE = latin1_swedish_ci ROW_FORMAT = Compact;

-- ----------------------------
-- Records of projects
-- ----------------------------
INSERT INTO `projects` VALUES (2, 'নারী নির্যাতন প্রতিরোধকল্পে মাল্টিসেক্টরাল প্রোগ্রাম (৪র্থ পর্ব)', 'নারী নির্যাতন প্রতিরোধকল্পে মাল্টিসেক্টরাল প্রোগ্রাম (৪র্থ পর্ব)', '2', 'উন্নয়ন প্রকল্প', 1, 'প্রকল্প', 4, 'মহিলা ও শিশু বিষয়ক মন্ত্রণালয়', 1, 'মহিলা ও শিশু বিষয়ক মন্ত্রণালয়', 'ডঃ আবুল হোসেন', '', '০১৫৫২৩৬১৮৪২', '', NULL, NULL, NULL, NULL, 1);
INSERT INTO `projects` VALUES (3, 'শিশুর বিকাশে প্রারম্ভিক শিক্ষা (২য় পর্যায়)', 'শিশুর বিকাশে প্রারম্ভিক শিক্ষা (২য় পর্যায়)', '2', 'উন্নয়ন প্রকল্প', 1, 'প্রকল্প', 3, 'বাংলাদেশ শিশু একাডেমী', 1, 'মহিলা ও শিশু বিষয়ক মন্ত্রণালয়', 'জনাব সুলতান আলম', '', '০১৭১৬২৭৯৬৫৮', '', NULL, NULL, NULL, NULL, 1);
INSERT INTO `projects` VALUES (4, 'ন্যাশনাল হার্ট ফাওউন্ডেশনে নার্সেস হোস্টেল স্থাপন', 'ন্যাশনাল হার্ট ফাওউন্ডেশনে নার্সেস হোস্টেল স্থাপন', '2', 'উন্নয়ন প্রকল্প', 1, 'প্রকল্প', 2, 'মহিলা বিষয়ক অধিদপ্তর', 2, 'মহিলা বিষয়ক অধিদপ্তর', 'জনাব মোঃ আব্দুস সোবহান ভুঁইয়া', '', '০১৫৫২৪১০৫০১', '', NULL, NULL, NULL, NULL, 1);
INSERT INTO `projects` VALUES (5, '৪৩৩১-গ্রামীণ নারী উদ্যোক্তাদের দক্ষতা বিকাশ প্রশিক্ষণ (উপজেলা পর্যায়) শীর্ষক কর্মসূচী', '৪৩৩১-গ্রামীণ নারী উদ্যোক্তাদের দক্ষতা বিকাশ প্রশিক্ষণ (উপজেলা পর্যায়) শীর্ষক কর্মসূচী', '1', 'রাজস্ব বাজেটের কর্মসূচী', 2, 'কর্মসুচি', 4, 'মহিলা ও শিশু বিষয়ক মন্ত্রণালয়', 6, 'বি ডব্লিউ সি সি আই', 'বেগম ফারহানা আক্তার', 'গবেষণা কর্মকর্তা', '০১৯১১২৮৫৫০০', '', NULL, NULL, NULL, NULL, 1);
INSERT INTO `projects` VALUES (6, 'নালিতাবাড়ি উপজেলায় কর্মজীবী মহিলা হোস্টেল কাম ট্রেনিং সেন্টার', 'নালিতাবাড়ি উপজেলায় কর্মজীবী মহিলা হোস্টেল কাম ট্রেনিং সেন্টার', '2', 'উন্নয়ন প্রকল্প', 1, 'প্রকল্প', 2, 'মহিলা বিষয়ক অধিদপ্তর', 2, 'মহিলা বিষয়ক অধিদপ্তর', 'জনাব মোঃ আইনুল কবীর', 'যুগ্ম সচিব', '', '', NULL, NULL, NULL, NULL, 1);
INSERT INTO `projects` VALUES (8, '২০ টি শিশু দিবাযত্ন কেন্দ্র স্থাপন', '২০ টি শিশু দিবাযত্ন কেন্দ্র স্থাপন', '2', 'উন্নয়ন প্রকল্প', 1, 'প্রকল্প', 2, 'মহিলা বিষয়ক অধিদপ্তর', 2, 'মহিলা বিষয়ক অধিদপ্তর', 'শবনম মোস্তারী', '', '', '', NULL, NULL, NULL, NULL, 1);
INSERT INTO `projects` VALUES (9, 'সোনাইমুড়ী, কালীগঞ্জ, আড়াইহাজার ও মঠবাড়ীয়া উপজেলায় ট্রেনিং সেন্টার ও হোষ্টেল নির্মাণ', 'সোনাইমুড়ী, কালীগঞ্জ, আড়াইহাজার ও মঠবাড়ীয়া উপজেলায় ট্রেনিং সেন্টার ও হোষ্টেল নির্মাণ', '2', 'উন্নয়ন প্রকল্প', 1, 'প্রকল্প', 2, 'মহিলা বিষয়ক অধিদপ্তর', 1, 'মহিলা ও শিশু বিষয়ক মন্ত্রণালয়', 'জনাব মোঃ আবুল কাশেম', '', '', '', NULL, NULL, NULL, NULL, 1);
INSERT INTO `projects` VALUES (10, 'জেলা ভিত্তিক মহিলা কম্পিউটার প্রশিক্ষণ প্রকল্প (৬৪ জেলা)', 'জেলা ভিত্তিক মহিলা কম্পিউটার প্রশিক্ষণ প্রকল্প (৬৪ জেলা)', '2', 'উন্নয়ন প্রকল্প', 1, 'প্রকল্প', 1, 'জাতীয় মহিলা সংস্থা', 3, 'জাতীয় মহিলা সংস্থা', '', '', '', '', NULL, NULL, NULL, NULL, 1);
INSERT INTO `projects` VALUES (11, 'নগর ভিত্তিক প্রান্তিক মহিলা উন্নয়ন প্রকল্প', 'নগর ভিত্তিক প্রান্তিক মহিলা উন্নয়ন প্রকল্প', '2', 'উন্নয়ন প্রকল্প', 1, 'প্রকল্প', 1, 'জাতীয় মহিলা সংস্থা', 3, 'জাতীয় মহিলা সংস্থা', 'জনাব নুরুন্নাহার হেনা', '', '', '', NULL, NULL, NULL, NULL, 1);
INSERT INTO `projects` VALUES (12, 'অথনৈতিক ক্ষমতায়নে নারী উদ্যোক্তাদের বিকাশ সাধন প্রকল্প (৩য় পর্যায়)', 'অথনৈতিক ক্ষমতায়নে নারী উদ্যোক্তাদের বিকাশ সাধন প্রকল্প (৩য় পর্যায়)', '2', 'উন্নয়ন প্রকল্প', 1, 'প্রকল্প', 1, 'জাতীয় মহিলা সংস্থা', 3, 'জাতীয় মহিলা সংস্থা', 'জনাব আনোয়ারা বেগম', '', '', '', NULL, NULL, NULL, NULL, 1);
INSERT INTO `projects` VALUES (13, 'তথ্য আপা : ডিজিটাল বাংলাদেশ গড়ার লক্ষ্যে তথ্য প্রযুক্তির মাধ্যমে নারীর ক্ষমতায়ন প্রকল্প (২য় পর্যায়)', 'তথ্য আপা : ডিজিটাল বাংলাদেশ গড়ার লক্ষ্যে তথ্য প্রযুক্তির মাধ্যমে নারীর ক্ষমতায়ন প্রকল্প (২য় পর্যায়)', '2', 'উন্নয়ন প্রকল্প', 1, 'প্রকল্প', 1, 'জাতীয় মহিলা সংস্থা', 3, 'জাতীয় মহিলা সংস্থা', 'জনাব মীনা পারভিন', '', '', '', NULL, NULL, NULL, NULL, 1);
INSERT INTO `projects` VALUES (14, 'মিরপুর ও খিলগাঁও কর্মজীবী মহিলা হোস্টেল সম্প্রসারন', 'মিরপুর ও খিলগাঁও কর্মজীবী মহিলা হোস্টেল সম্প্রসারন', '2', 'উন্নয়ন প্রকল্প', 1, 'প্রকল্প', 2, 'মহিলা বিষয়ক অধিদপ্তর', 2, 'মহিলা বিষয়ক অধিদপ্তর', 'জনাব শাহিন সুলতানা', '', '', '', NULL, NULL, NULL, NULL, 1);
INSERT INTO `projects` VALUES (15, 'গাজীপুর জেলার কালিগঞ্জ উপজেলায় কর্মজীবী মহিলা হোস্টেল স্থাপন', 'গাজীপুর জেলার কালিগঞ্জ উপজেলায় কর্মজীবী মহিলা হোস্টেল স্থাপন', '2', 'উন্নয়ন প্রকল্প', 1, 'প্রকল্প', 2, 'মহিলা বিষয়ক অধিদপ্তর', 2, 'মহিলা বিষয়ক অধিদপ্তর', 'জনাব শামিমা আখতার বানু', '', '', '', NULL, NULL, NULL, NULL, 1);
INSERT INTO `projects` VALUES (16, 'আমার ইন্টারনেট আমার আয়', 'আমার ইন্টারনেট আমার আয়', '1', 'রাজস্ব বাজেটের কর্মসূচী', 2, 'কর্মসুচি', 1, 'জাতীয় মহিলা সংস্থা', 1, 'মহিলা ও শিশু বিষয়ক মন্ত্রণালয়', '', '', '', '', NULL, NULL, NULL, NULL, 1);
INSERT INTO `projects` VALUES (17, 'মহিলাদের আত্মকর্মসংস্থান এর জন্য ক্ষুদ্র ঋণ কার্যক্রম', 'মহিলাদের আত্মকর্মসংস্থান এর জন্য ক্ষুদ্র ঋণ কার্যক্রম', '3', 'রাজস্ব বাজেটের আওতায় অন্যান্য কার্যক্রম', 0, '', 1, 'জাতীয় মহিলা সংস্থা', 1, 'মহিলা ও শিশু বিষয়ক মন্ত্রণালয়', '', '', '', '', NULL, NULL, NULL, NULL, 1);
INSERT INTO `projects` VALUES (18, 'মহিলাদের আত্মকর্মসংস্থান এর জন্য শ্স্ব কর্ম সহায়ক ঋণ কার্যক্রম', 'মহিলাদের আত্মকর্মসংস্থান এর জন্য শ্স্ব কর্ম সহায়ক ঋণ কার্যক্রম', '3', 'রাজস্ব বাজেটের আওতায় অন্যান্য কার্যক্রম', 0, '', 1, 'জাতীয় মহিলা সংস্থা', 3, 'জাতীয় মহিলা সংস্থা', '', '', '', '', NULL, NULL, NULL, NULL, 1);
INSERT INTO `projects` VALUES (19, 'আইনগত সহায়তা প্রদান', 'আইনগত সহায়তা প্রদান', '3', 'রাজস্ব বাজেটের আওতায় অন্যান্য কার্যক্রম', 0, '', 1, 'জাতীয় মহিলা সংস্থা', 3, 'জাতীয় মহিলা সংস্থা', '', '', '', '', NULL, NULL, NULL, NULL, 1);
INSERT INTO `projects` VALUES (20, 'যৌতুক ও বাল্য বিবাহ রোধকল্পে উঠান বৈঠক', 'যৌতুক ও বাল্য বিবাহ রোধকল্পে উঠান বৈঠক', '3', 'রাজস্ব বাজেটের আওতায় অন্যান্য কার্যক্রম', 0, '', 1, 'জাতীয় মহিলা সংস্থা', 3, 'জাতীয় মহিলা সংস্থা', '', '', '', '', NULL, NULL, NULL, NULL, 1);
INSERT INTO `projects` VALUES (21, 'নারী ও শিশু পাচার রোধকল্পে উঠান বৈঠক', 'নারী ও শিশু পাচার রোধকল্পে উঠান বৈঠক', '3', 'রাজস্ব বাজেটের আওতায় অন্যান্য কার্যক্রম', 0, '', 1, 'জাতীয় মহিলা সংস্থা', 3, 'জাতীয় মহিলা সংস্থা', '', '', '', '', NULL, NULL, NULL, NULL, 1);
INSERT INTO `projects` VALUES (22, 'দর্জি বিজ্ঞান ও এমব্রয়ডারি', 'দর্জি বিজ্ঞান ও এমব্রয়ডারি', '3', 'রাজস্ব বাজেটের আওতায় অন্যান্য কার্যক্রম', 0, '', 1, 'জাতীয় মহিলা সংস্থা', 3, 'জাতীয় মহিলা সংস্থা', '', '', '', '', NULL, NULL, NULL, NULL, 1);
INSERT INTO `projects` VALUES (23, '৪৩৩৬-হরিজন শ্রেণির মহিলা ও শিশুদের স্বাস্থ্য সচেতনতা বৃদ্ধি,স্বাস্থ্য সেবা প্রদান এবং শিশুদের লেখাপড়া নিশ্চিতকরন কর্মসূচি', '৪৩৩৬-হরিজন শ্রেণির মহিলা ও শিশুদের স্বাস্থ্য সচেতনতা বৃদ্ধি,স্বাস্থ্য সেবা প্রদান এবং শিশুদের লেখাপড়া নিশ্চিতকরন কর্মসূচি', '1', 'রাজস্ব বাজেটের কর্মসূচী', 2, 'কর্মসুচি', 4, 'মহিলা ও শিশু বিষয়ক মন্ত্রণালয়', 7, 'কেয়ার ফর মাদার এন্ড চিলড্রেন ফাউন্ডেশন', 'দিলীপ কুমার দেবনাথ', 'সহকারী সচিব', '০১৮১৫২৫৩৯৭১', '', NULL, NULL, NULL, NULL, 1);
INSERT INTO `projects` VALUES (24, '৪৩৩৩-নারী আইসিটি ফ্রি-ল্যান্সার এবং উদ্যোক্তা উন্নয়ন  শীর্ষক কর্মসূচী', '৪৩৩৩-নারী আইসিটি ফ্রি-ল্যান্সার এবং উদ্যোক্তা উন্নয়ন  শীর্ষক কর্মসূচী', '3', 'রাজস্ব বাজেটের আওতায় অন্যান্য কার্যক্রম', 2, 'কর্মসুচি', 4, 'মহিলা ও শিশু বিষয়ক মন্ত্রণালয়', 14, 'এস এম ই ফাউন্ডেশন', ' মোঃ আইনুল কবীর', 'যুগ্মসচিব', '০১৫৫২৩২৫৩৫৫', '', NULL, NULL, NULL, NULL, 1);
INSERT INTO `projects` VALUES (25, '৪৩৩৮- প্রারম্ভিক মেধা বিকাশ দক্ষতা বৃদ্ধি', '৪৩৩৮- প্রারম্ভিক মেধা বিকাশ দক্ষতা বৃদ্ধি', '0', '', 0, '', 4, 'মহিলা ও শিশু বিষয়ক মন্ত্রণালয়', 8, 'আইসিএইচডি', 'মোঃ আইনুল কবীর', 'যুগ্মসচিব', '০১৫৫২৩২৫৩৫৫', '', NULL, NULL, NULL, NULL, 1);
INSERT INTO `projects` VALUES (26, '৪৮৩৬-কিশোর-কিশোরী সুরক্ষা ক্লাব গঠন ও টিভি অনুষ্ঠানের মাধ্যমে বাল্যবিবাহ বন্ধ,বয়:সন্ধি স্বাস্থ্য এবং অধিকার প্রতিষ্ঠা করে ভবিষ্যৎ প্রজন্মকে সুগঠিত করা', '৪৮৩৬-কিশোর-কিশোরী সুরক্ষা ক্লাব গঠন ও টিভি অনুষ্ঠানের মাধ্যমে বাল্যবিবাহ বন্ধ,বয়:সন্ধি স্বাস্থ্য এবং অধিকার প্রতিষ্ঠা করে ভবিষ্যৎ প্রজন্মকে সুগঠিত করা', '0', '', 2, 'কর্মসুচি', 4, 'মহিলা ও শিশু বিষয়ক মন্ত্রণালয়', 1, 'মহিলা ও শিশু বিষয়ক মন্ত্রণালয়', 'জনাব মোঃ মুখলেছুর রহমান', 'সিনিয়র সহকারী সচিব', '০১৫৫২৩৫৩২৯৭', '', NULL, NULL, NULL, NULL, 1);
INSERT INTO `projects` VALUES (27, '৪৮৩৭- সুবিধা বঞ্চিত শিশুদের শিক্ষা ও স্বাস্থ্য কার্যক্রম। ', '৪৮৩৭- সুবিধা বঞ্চিত শিশুদের শিক্ষা ও স্বাস্থ্য কার্যক্রম। রনি চাকমা সিনিয়র সহকারী সচিব, মশিবিম, ০১৭১৬২৭১৯২৭', '0', '', 2, 'কর্মসুচি', 4, 'মহিলা ও শিশু বিষয়ক মন্ত্রণালয়', 10, 'স্পন্দন-বি', 'রনি চাকমা ', ' সিনিয়র সহকারী সচিব', ' ০১৭১৬২৭১৯২৭', '', NULL, NULL, NULL, NULL, 1);
INSERT INTO `projects` VALUES (28, '৪৩৩৭-হবিগঞ্জ জেলার সুবিধা বঞ্চিত নারীর জীবন দক্ষতা উন্নয়নের জন্য সচেতনতা বৃদ্ধি শীর্ষক কর্মসূচী', '৪৩৩৭-হবিগঞ্জ জেলার সুবিধা বঞ্চিত নারীর জীবন দক্ষতা উন্নয়নের জন্য সচেতনতা বৃদ্ধি শীর্ষক কর্মসূচী', '1', 'রাজস্ব বাজেটের কর্মসূচী', 2, 'কর্মসুচি', 2, 'মহিলা বিষয়ক অধিদপ্তর', 2, 'মহিলা বিষয়ক অধিদপ্তর', 'বেগম মারজিয়া নাজনীন', 'উপপরিচালক', ' ৯৩৬১৯৭৫, ০১৭১২৭০৯৯৭', '', NULL, NULL, NULL, NULL, 1);
INSERT INTO `projects` VALUES (29, '৪৮৬০-কারিগরি প্রশিক্ষণের মাধ্যমে এতিম ও অসহায় কিশোরীদের জীবনমান উন্নয়নের লক্ষ্যে একাডেমিক ও আবাসিক ভবন নির্মাণ, সুনামগঞ্জ। ', '৪৮৬০-কারিগরি প্রশিক্ষণের মাধ্যমে এতিম ও অসহায় কিশোরীদের জীবনমান উন্নয়নের লক্ষ্যে একাডেমিক ও আবাসিক ভবন নির্মাণ, সুনামগঞ্জ। জনাব মোঃ জিলাল উদ্দিন, সহকারী পরিচালক, মবিঅ, ০১৭৫৭৩০২৮২৬', '1', 'রাজস্ব বাজেটের কর্মসূচী', 2, 'কর্মসুচি', 2, 'মহিলা বিষয়ক অধিদপ্তর', 2, 'মহিলা বিষয়ক অধিদপ্তর', 'জনাব মোঃ জিলাল উদ্দিন', ' সহকারী পরিচালক, ', '০১৭৫৭৩০২৮২৬', '', NULL, NULL, NULL, NULL, 1);
INSERT INTO `projects` VALUES (30, '৪৩৩০-গার্মেন্টস কারখানার নারী শ্রমিকদের সন্তানের জন্য ডে-কেয়ার সেন্টার শীর্ষক কর্মসূচী', '৪৩৩০-গার্মেন্টস কারখানার নারী শ্রমিকদের সন্তানের জন্য ডে-কেয়ার সেন্টার শীর্ষক কর্মসূচী', '1', 'রাজস্ব বাজেটের কর্মসূচী', 2, 'কর্মসুচি', 1, 'জাতীয় মহিলা সংস্থা', 3, 'জাতীয় মহিলা সংস্থা', 'জনাব মোঃ ইয়াহিয়া ', 'সহকারী পরিচালক', ' ০১৭১১০৫৩১৫৪ ', '', NULL, NULL, NULL, NULL, 1);
INSERT INTO `projects` VALUES (31, '৪৩২৬-বাংলাদেশ শিশু একাডেমীর লাইব্রেরী শক্তিশালীকরণের জন্য অটোমেশন ও ডিজিটালাইজেশন(কেন্দ্রীয় কার্যালয় ও ৬৪ জেলা) শীর্ষক কর্মসূচী, ', '৪৩২৬-বাংলাদেশ শিশু একাডেমীর লাইব্রেরী শক্তিশালীকরণের জন্য অটোমেশন ও ডিজিটালাইজেশন(কেন্দ্রীয় কার্যালয় ও ৬৪ জেলা) শীর্ষক কর্মসূচী', '1', 'রাজস্ব বাজেটের কর্মসূচী', 2, 'কর্মসুচি', 3, 'বাংলাদেশ শিশু একাডেমী', 5, 'বাংলাদেশ শিশু একাডেমী', 'জনাব আনজীর লিটন', 'পরিচালক', '০১৯১৪০৮৮০৯৩/৯৫৫০৩১৭,', '', NULL, NULL, NULL, NULL, 1);
INSERT INTO `projects` VALUES (32, '৪৩২৮- শিশু বিশ্বকোষ সংস্করণ, অভিধা‌ন, চিরায়ত সাহিত্য ও ঐতিহ্য পরিচিতিমূলক গ্রন্থ প্রকাশনা শীর্ষক কর্মসূচী', '৪৩২৮- শিশু বিশ্বকোষ সংস্করণ, অভিধা‌ন, চিরায়ত সাহিত্য ও ঐতিহ্য পরিচিতিমূলক গ্রন্থ প্রকাশনা শীর্ষক কর্মসূচী', '1', 'রাজস্ব বাজেটের কর্মসূচী', 2, 'কর্মসুচি', 3, 'বাংলাদেশ শিশু একাডেমী', 5, 'বাংলাদেশ শিশু একাডেমী', 'জনাব আনজীর লিটন', 'পরিচালক', '০১৯১৪০৮৮০৯৩ /৯৫৫০৩১৭', '', NULL, NULL, NULL, NULL, 1);
INSERT INTO `projects` VALUES (33, '৪৮৬৫-জয়িতা ব্রিজিং কর্মসূচি (২য় পর্যায়) ', '৪৮৬৫-জয়িতা ব্রিজিং কর্মসূচি (২য় পর্যায়)', '1', 'রাজস্ব বাজেটের কর্মসূচী', 2, 'কর্মসুচি', 1, 'জাতীয় মহিলা সংস্থা', 9, 'জয়িতা ফাউন্ডেশন', 'জনাব মোঃ সাকাওয়াৎ হোসেন তালুকদার', 'উপপরিচালক', '০১৭১৬৪১৭৯৯৭', '', NULL, NULL, NULL, NULL, 1);
INSERT INTO `projects` VALUES (34, '৪৩৫৫- গর্ভ হতে ৫ বছর পর্যন্ত শিশুর বিকাশে জীবন দক্ষতা প্রশিক্ষণ শীর্ষক কর্মসূচি', '৪৩৫৫- গর্ভ হতে ৫ বছর পর্যন্ত শিশুর বিকাশে জীবন দক্ষতা প্রশিক্ষণ শীর্ষক কর্মসূচি', '1', 'রাজস্ব বাজেটের কর্মসূচী', 2, 'কর্মসুচি', 2, 'মহিলা বিষয়ক অধিদপ্তর', 11, 'সুচনা ফাউন্ডেশন', 'বেগম রায়না আহমেদ ', 'উপসচিব', '০১৭১১৩৯৪৯৭৯/৯৫৭০৬৫৭', '', NULL, NULL, NULL, NULL, 1);
INSERT INTO `projects` VALUES (35, '৪৩২০- নিবন্ধনকৃত মহিলা সমিতিভিত্তিক ব্যতিক্রমী ব্যবসায়ী উদ্যোগ (জয়িতা-বান্দরবান)', '৪৩২০- নিবন্ধনকৃত মহিলা সমিতিভিত্তিক ব্যতিক্রমী ব্যবসায়ী উদ্যোগ (জয়িতা-বান্দরবান)', '1', 'রাজস্ব বাজেটের কর্মসূচী', 2, 'কর্মসুচি', 2, 'মহিলা বিষয়ক অধিদপ্তর', 2, 'মহিলা বিষয়ক অধিদপ্তর', 'বেগম পারভীন সুলতানা', 'সহকারী পরিচালক', '০১৭৮৪৬২৭৫৭২,  ৯৩৬১৯৭', '', NULL, NULL, NULL, NULL, 1);
INSERT INTO `projects` VALUES (36, '৪৩২১- ফ্যাশন ডিজাইন ইউনিট (অপরাজিতা) স্থাপনের মাধ্যমে নারী উদ্যোক্তাদের উৎপাদিত পণ্যসামগ্র্রীর আধুনিকায়ন শীর্ষক কর্মসূচি ', '৪৩২১- ফ্যাশন ডিজাইন ইউনিট (অপরাজিতা) স্থাপনের মাধ্যমে নারী উদ্যোক্তাদের উৎপাদিত পণ্যসামগ্র্রীর আধুনিকায়ন শীর্ষক কর্মসূচি শরীফা আহমেদ উপসচিব,মবিঅ, মোবাইল-০১৫৫২৩৩০১৭০', '1', 'রাজস্ব বাজেটের কর্মসূচী', 0, '', 2, 'মহিলা বিষয়ক অধিদপ্তর', 2, 'মহিলা বিষয়ক অধিদপ্তর', 'শরীফা আহমেদ ', 'উপসচিব', '০১৫৫২৩৩০১৭০', '', NULL, NULL, NULL, NULL, 1);
INSERT INTO `projects` VALUES (37, '৪৩২৪- এফপিএবি’র পরিবার উন্নয়ন কেন্দ্রের (এফডিসি) মাধ্যমে দক্ষতা উন্নয়নে প্রশিক্ষণ প্রদান ও নারী উদ্যোক্তা সৃষ্টি এবং কর্মসংস্থান শীর্ষক কর্মসূচি', '৪৩২৪- এফপিএবি’র পরিবার উন্নয়ন কেন্দ্রের (এফডিসি) মাধ্যমে দক্ষতা উন্নয়নে প্রশিক্ষণ প্রদান ও নারী উদ্যোক্তা সৃষ্টি এবং কর্মসংস্থান শীর্ষক কর্মসূচি', '1', 'রাজস্ব বাজেটের কর্মসূচী', 2, 'কর্মসুচি', 4, 'মহিলা ও শিশু বিষয়ক মন্ত্রণালয়', 12, 'এফপিএবি', ' জনাব মোঃ মাসুদুর রহমান', 'সিনিয়র সহকারী সচিব', '০১৬৮০০৬২২২৪/৯৫৪০১৯৩', '', NULL, NULL, NULL, NULL, 1);
INSERT INTO `projects` VALUES (38, '৪৩২৫- গাজীপুর সিটি কর্পোরেশনের দরিদ্র মহিলা ও শিশুদের স্বাস্থ্য ও পুষ্টি সেবা প্রদান শীর্ষক কর্মসূচি', '৪৩২৫- গাজীপুর সিটি কর্পোরেশনের দরিদ্র মহিলা ও শিশুদের স্বাস্থ্য ও পুষ্টি সেবা প্রদান শীর্ষক কর্মসূচি ', '1', 'রাজস্ব বাজেটের কর্মসূচী', 2, 'কর্মসুচি', 4, 'মহিলা ও শিশু বিষয়ক মন্ত্রণালয়', 12, 'এফপিএবি', 'মোঃ রেজাইল হক', 'সহকারী সচিব', ' ০১৮২২৯৭৫৬৬৯/৯৫৪০১০৭', '', NULL, NULL, NULL, NULL, 1);
INSERT INTO `projects` VALUES (39, '‘‘জাতীয় মহিলা সংস্থার ৫টি জেলা (গোপালগঞ্জ, নড়াইল, দিনাজপুর, কিশোরগঞ্জ ও মৌলভীবাজার) কমপ্লেক্স ভবন ও প্রধান কার্যালয় শক্তিশালীকরণ’’ শীর্ষক কর্মসূচি', '‘‘জাতীয় মহিলা সংস্থার ৫টি জেলা (গোপালগঞ্জ, নড়াইল, দিনাজপুর, কিশোরগঞ্জ ও মৌলভীবাজার) কমপ্লেক্স ভবন ও প্রধান কার্যালয় শক্তিশালীকরণ’’ শীর্ষক কর্মসূচি', '1', 'রাজস্ব বাজেটের কর্মসূচী', 0, '', 1, 'জাতীয় মহিলা সংস্থা', 3, 'জাতীয় মহিলা সংস্থা', 'জনাব জি.এন নজমুল হোসেন খান', 'উপসচিব', '০১৭৩২৩৩৮৭৯৯', '', NULL, NULL, NULL, NULL, 1);
INSERT INTO `projects` VALUES (40, '‘‘আমার ইন্টারনেট আমার আয়’’ শীর্ষক কর্মসূচি', '‘‘আমার ইন্টারনেট আমার আয়’’ শীর্ষক কর্মসূচি', '1', 'রাজস্ব বাজেটের কর্মসূচী', 2, 'কর্মসুচি', 1, 'জাতীয় মহিলা সংস্থা', 3, 'জাতীয় মহিলা সংস্থা', ' বেগম শারমিন আক্তার জাহান', 'উপপরিচালক', '০১৭৯৬৭৭২২৭০', '', NULL, NULL, NULL, NULL, 1);
INSERT INTO `projects` VALUES (41, '“উপজেলা পর্যায়ে তৃণমূল নারী উদ্যোক্তাদের দক্ষতা উন্নয়ন প্রশিক্ষণ’’', '“উপজেলা পর্যায়ে তৃণমূল নারী উদ্যোক্তাদের দক্ষতা উন্নয়ন প্রশিক্ষণ’’  ', '1', 'রাজস্ব বাজেটের কর্মসূচী', 2, 'কর্মসুচি', 2, 'মহিলা বিষয়ক অধিদপ্তর', 13, 'এআরপি', ' এসএম শাকিল আখতার ', ' উপপ্রধান', '', '', NULL, NULL, NULL, NULL, 1);
INSERT INTO `projects` VALUES (42, '‘‘গাজীপুর জেলার কালীগঞ্জ উপজেলায় নারী উদ্যোক্তাদের পরিচালনায় মহিলা বিপনী কেন্দ্র (জয়িতা-কালীগঞ্জ)’’', '‘‘গাজীপুর জেলার কালীগঞ্জ উপজেলায় নারী উদ্যোক্তাদের পরিচালনায় মহিলা বিপনী কেন্দ্র (জয়িতা-কালীগঞ্জ)’’', '1', 'রাজস্ব বাজেটের কর্মসূচী', 2, 'কর্মসুচি', 2, 'মহিলা বিষয়ক অধিদপ্তর', 2, 'মহিলা বিষয়ক অধিদপ্তর', '', '', '', '', NULL, NULL, NULL, NULL, 1);
INSERT INTO `projects` VALUES (43, 'গার্মেন্টস কারখানার নারী শ্রমিকদের সন্তানের জন্য ডে-কেয়ার সেন্টার(২য় পর্যায়) শীর্ষক কর্মসূচী, জনাব এ.কে.এম ইয়াহিয়া, সহকারী পরিচালক, জামস, ০১৭১১০৫৩১৫৪', 'গার্মেন্টস কারখানার নারী শ্রমিকদের সন্তানের জন্য ডে-কেয়ার সেন্টার(২য় পর্যায়) শীর্ষক কর্মসূচী, জনাব এ.কে.এম ইয়াহিয়া, সহকারী পরিচালক, জামস, ০১৭১১০৫৩১৫৪', '1', 'রাজস্ব বাজেটের কর্মসূচী', 2, 'কর্মসুচি', 1, 'জাতীয় মহিলা সংস্থা', 3, 'জাতীয় মহিলা সংস্থা', ' জনাব এ.কে.এম ইয়াহিয়া', ' সহকারী পরিচালক', '০১৭১১০৫৩১৫৪', '', NULL, NULL, NULL, NULL, 1);
INSERT INTO `projects` VALUES (44, '৪৮২৫-শিশুর জীবন সুরক্ষায়  সাঁতার প্রশিক্ষন কর্মসূচি', '৪৮২৫-শিশুর জীবন সুরক্ষায়  সাঁতার প্রশিক্ষন কর্মসূচি', '1', 'রাজস্ব বাজেটের কর্মসূচী', 2, 'কর্মসুচি', 4, 'মহিলা ও শিশু বিষয়ক মন্ত্রণালয়', 1, 'মহিলা ও শিশু বিষয়ক মন্ত্রণালয়', '', '', '', '', NULL, NULL, NULL, NULL, 1);
INSERT INTO `projects` VALUES (47, 'xcxc', 'xcxc', NULL, NULL, 2, 'কর্মসুচি', 7, NULL, 7, NULL, 'xcx', '', NULL, NULL, '0000-00-00 00:00:00', 0, '2019-11-19 14:16:51', 3, 1);
INSERT INTO `projects` VALUES (48, 'xcxcx', 'cxcxcx', NULL, NULL, 1, 'প্রকল্প', 7, NULL, 7, NULL, 'xc', '', NULL, NULL, '0000-00-00 00:00:00', 0, '2019-11-19 14:16:59', 3, 1);
INSERT INTO `projects` VALUES (49, 'Test 19112019', 'Test 19112019', NULL, NULL, 1, 'প্রকল্প', 4, NULL, 4, NULL, 'ewewe', '', NULL, NULL, '0000-00-00 00:00:00', 0, '2019-11-19 14:16:55', 3, 1);
INSERT INTO `projects` VALUES (50, 'testsetset  sese se e', 'dfdfdf', NULL, NULL, 1, NULL, 3, NULL, 11, NULL, 'dfdfd', '', NULL, NULL, '2019-11-29 13:54:05', 3, '2019-11-29 13:54:05', 3, 1);

-- ----------------------------
-- Table structure for purchases
-- ----------------------------
DROP TABLE IF EXISTS `purchases`;
CREATE TABLE `purchases`  (
  `id` int(10) NOT NULL AUTO_INCREMENT,
  `supplier_id` int(10) NOT NULL,
  `purchase_date` date NULL DEFAULT NULL,
  `go_no` varchar(100) CHARACTER SET utf8 COLLATE utf8_unicode_ci NULL DEFAULT NULL,
  `note` varchar(255) CHARACTER SET utf8 COLLATE utf8_unicode_ci NULL DEFAULT NULL,
  `created_at` datetime(0) NULL DEFAULT NULL,
  `updated_at` datetime(0) NULL DEFAULT NULL,
  `created_by` int(10) NULL DEFAULT NULL,
  `updated_by` int(11) NULL DEFAULT NULL,
  `is_active` int(2) NULL DEFAULT NULL,
  `deleted_at` datetime(0) NULL DEFAULT NULL,
  PRIMARY KEY (`id`) USING BTREE
) ENGINE = InnoDB AUTO_INCREMENT = 2 CHARACTER SET = utf8 COLLATE = utf8_unicode_ci ROW_FORMAT = Dynamic;

-- ----------------------------
-- Records of purchases
-- ----------------------------
INSERT INTO `purchases` VALUES (1, 8, '2019-12-01', 'ererer', 'erer', '2019-12-04 16:52:37', '2019-12-04 16:52:37', 3, 3, 1, NULL);

-- ----------------------------
-- Table structure for sections
-- ----------------------------
DROP TABLE IF EXISTS `sections`;
CREATE TABLE `sections`  (
  `id` int(10) NOT NULL AUTO_INCREMENT,
  `name` varchar(100) CHARACTER SET utf8 COLLATE utf8_unicode_ci NOT NULL,
  `contact_no` varchar(20) CHARACTER SET utf8 COLLATE utf8_unicode_ci NULL DEFAULT NULL,
  `email` varchar(30) CHARACTER SET utf8 COLLATE utf8_unicode_ci NULL DEFAULT NULL,
  `created_at` datetime(0) NULL DEFAULT NULL,
  `updated_at` datetime(0) NULL DEFAULT NULL,
  `created_by` int(10) NULL DEFAULT NULL,
  `updated_by` int(11) NULL DEFAULT NULL,
  `is_active` int(2) NULL DEFAULT NULL,
  `deleted_at` datetime(0) NULL DEFAULT NULL,
  PRIMARY KEY (`id`) USING BTREE
) ENGINE = InnoDB AUTO_INCREMENT = 9 CHARACTER SET = utf8 COLLATE = utf8_unicode_ci ROW_FORMAT = Dynamic;

-- ----------------------------
-- Records of sections
-- ----------------------------
INSERT INTO `sections` VALUES (1, 'Child', '014777575757', 'sascell@mowca.gov.bd', '2019-11-11 14:59:22', '2019-11-30 00:54:23', NULL, 3, 0, NULL);
INSERT INTO `sections` VALUES (2, 'PLAU', '0155656566', 'ssdtyryryy@gmail.com', '2019-11-11 15:32:46', '2019-11-30 00:53:52', NULL, 3, 1, NULL);
INSERT INTO `sections` VALUES (8, 'Cell', '0155665656', 'megasoln@gmail.com', '2019-11-29 23:51:29', '2019-11-30 00:54:02', 3, 3, NULL, NULL);

-- ----------------------------
-- Table structure for settings
-- ----------------------------
DROP TABLE IF EXISTS `settings`;
CREATE TABLE `settings`  (
  `id` int(11) NOT NULL AUTO_INCREMENT,
  `name` varchar(100) CHARACTER SET utf8 COLLATE utf8_general_ci NOT NULL,
  `reg` varchar(50) CHARACTER SET utf8 COLLATE utf8_general_ci NOT NULL,
  `established` date NOT NULL,
  `address` varchar(200) CHARACTER SET utf8 COLLATE utf8_general_ci NOT NULL,
  `founder` varchar(100) CHARACTER SET utf8 COLLATE utf8_general_ci NOT NULL,
  `slogan` varchar(500) CHARACTER SET utf8 COLLATE utf8_general_ci NOT NULL,
  `file_path` varchar(200) CHARACTER SET utf8 COLLATE utf8_general_ci NOT NULL,
  `email` varchar(30) CHARACTER SET utf8 COLLATE utf8_general_ci NOT NULL,
  `contact` varchar(15) CHARACTER SET utf8 COLLATE utf8_general_ci NOT NULL,
  `cre_or_up_by` varchar(50) CHARACTER SET utf8 COLLATE utf8_general_ci NOT NULL,
  `cre_or_up_date` datetime(0) NOT NULL,
  `status` tinyint(1) NOT NULL DEFAULT 1,
  PRIMARY KEY (`id`) USING BTREE
) ENGINE = InnoDB AUTO_INCREMENT = 2 CHARACTER SET = utf8 COLLATE = utf8_general_ci ROW_FORMAT = Dynamic;

-- ----------------------------
-- Records of settings
-- ----------------------------
INSERT INTO `settings` VALUES (1, 'Inventory Management System, Ministry of Women and Children Affairs', '12345678', '2019-09-16', 'Dewanbazar,Chittagong', 'Rajib Das', 'Codeigniter Ready Admin Panel', '271a4-bd.jpg', 'info@example.com', '01851334235', '3', '2019-11-30 00:00:00', 1);

-- ----------------------------
-- Table structure for stockinreasons
-- ----------------------------
DROP TABLE IF EXISTS `stockinreasons`;
CREATE TABLE `stockinreasons`  (
  `id` tinyint(4) NOT NULL AUTO_INCREMENT,
  `name` varchar(100) CHARACTER SET utf8 COLLATE utf8_unicode_ci NULL DEFAULT NULL,
  `name_BN` varchar(100) CHARACTER SET utf8 COLLATE utf8_unicode_ci NULL DEFAULT NULL,
  PRIMARY KEY (`id`) USING BTREE
) ENGINE = InnoDB AUTO_INCREMENT = 10 CHARACTER SET = utf8 COLLATE = utf8_unicode_ci ROW_FORMAT = Dynamic;

-- ----------------------------
-- Records of stockinreasons
-- ----------------------------
INSERT INTO `stockinreasons` VALUES (1, 'Order Return', 'স্টোর এ প্রোডাক্ট ফেরত');
INSERT INTO `stockinreasons` VALUES (2, 'Normal Stock In', 'স্টক ইন');
INSERT INTO `stockinreasons` VALUES (3, 'Recount-Stock In', 'স্টক ইন');

-- ----------------------------
-- Table structure for stockins
-- ----------------------------
DROP TABLE IF EXISTS `stockins`;
CREATE TABLE `stockins`  (
  `id` int(10) NOT NULL AUTO_INCREMENT,
  `purchase_id` int(10) NOT NULL,
  `product_id` int(20) NULL DEFAULT NULL,
  `supplier_id` int(11) NULL DEFAULT NULL,
  `quantity` int(20) NULL DEFAULT NULL,
  `date` date NULL DEFAULT NULL,
  `stockadjustment` enum('Yes','No') CHARACTER SET utf8 COLLATE utf8_unicode_ci NULL DEFAULT NULL,
  `stockinreason_id` int(4) NULL DEFAULT NULL,
  `created_at` datetime(0) NULL DEFAULT NULL,
  `updated_at` datetime(0) NULL DEFAULT NULL,
  `created_by` int(10) NULL DEFAULT NULL,
  `updated_by` int(11) NULL DEFAULT NULL,
  `is_active` int(2) NULL DEFAULT NULL,
  `deleted_at` datetime(0) NULL DEFAULT NULL,
  PRIMARY KEY (`id`) USING BTREE
) ENGINE = InnoDB AUTO_INCREMENT = 7 CHARACTER SET = utf8 COLLATE = utf8_unicode_ci ROW_FORMAT = Dynamic;

-- ----------------------------
-- Records of stockins
-- ----------------------------
INSERT INTO `stockins` VALUES (1, 1, 4, 8, 5, '2019-12-01', NULL, NULL, '2019-12-04 16:52:37', '2019-12-04 16:52:37', 3, 3, 1, NULL);
INSERT INTO `stockins` VALUES (2, 1, 5, 8, 4, '2019-12-01', NULL, NULL, '2019-12-04 16:52:37', '2019-12-04 16:52:37', 3, 3, 1, NULL);
INSERT INTO `stockins` VALUES (3, 0, 5, 1, 21, '2019-12-01', NULL, NULL, '2019-12-07 18:17:57', '2019-12-07 18:17:57', 3, 3, NULL, NULL);
INSERT INTO `stockins` VALUES (4, 0, 5, 2, 7, '2019-12-01', NULL, NULL, '2019-12-07 22:45:10', '2019-12-07 22:45:10', 3, 3, NULL, NULL);
INSERT INTO `stockins` VALUES (5, 0, 5, 1, 6, '2019-12-01', NULL, NULL, '2019-12-07 22:45:18', '2019-12-07 22:45:18', 3, 3, NULL, NULL);
INSERT INTO `stockins` VALUES (6, 0, 2, 8, 7, '2019-12-03', NULL, NULL, '2019-12-07 22:45:27', '2019-12-07 22:45:27', 3, 3, NULL, NULL);

-- ----------------------------
-- Table structure for stockoutreasons
-- ----------------------------
DROP TABLE IF EXISTS `stockoutreasons`;
CREATE TABLE `stockoutreasons`  (
  `id` tinyint(4) NOT NULL AUTO_INCREMENT,
  `name` varchar(100) CHARACTER SET utf8 COLLATE utf8_unicode_ci NULL DEFAULT NULL,
  `name_BN` varchar(100) CHARACTER SET utf8 COLLATE utf8_unicode_ci NULL DEFAULT NULL,
  PRIMARY KEY (`id`) USING BTREE
) ENGINE = InnoDB AUTO_INCREMENT = 10 CHARACTER SET = utf8 COLLATE = utf8_unicode_ci ROW_FORMAT = Dynamic;

-- ----------------------------
-- Records of stockoutreasons
-- ----------------------------
INSERT INTO `stockoutreasons` VALUES (1, 'Removing Damaged/Stolen Stock', 'স্টক নষ্ট অথবা হারানো');
INSERT INTO `stockoutreasons` VALUES (2, 'Purchase Return', 'সরবরাহকারীকে প্রোডাক্ট ফেরত');
INSERT INTO `stockoutreasons` VALUES (3, 'Normal Stock out', 'স্টক আউট');
INSERT INTO `stockoutreasons` VALUES (4, 'Stock out due to recount', 'স্টক আউট');

-- ----------------------------
-- Table structure for stockouts
-- ----------------------------
DROP TABLE IF EXISTS `stockouts`;
CREATE TABLE `stockouts`  (
  `id` int(10) NOT NULL AUTO_INCREMENT,
  `order_id` int(10) NOT NULL,
  `product_id` int(20) NULL DEFAULT NULL,
  `section_id` int(20) NULL DEFAULT NULL,
  `quantity` int(20) NULL DEFAULT NULL,
  `date` date NULL DEFAULT NULL,
  `stockoutreason_id` int(4) NULL DEFAULT NULL,
  `stockadjustment` enum('Yes','No') CHARACTER SET utf8 COLLATE utf8_unicode_ci NULL DEFAULT NULL,
  `created_at` datetime(0) NULL DEFAULT NULL,
  `updated_at` datetime(0) NULL DEFAULT NULL,
  `created_by` int(10) NULL DEFAULT NULL,
  `updated_by` int(11) NULL DEFAULT NULL,
  `is_active` int(2) NULL DEFAULT NULL,
  `deleted_at` datetime(0) NULL DEFAULT NULL,
  PRIMARY KEY (`id`) USING BTREE
) ENGINE = InnoDB AUTO_INCREMENT = 4 CHARACTER SET = utf8 COLLATE = utf8_unicode_ci ROW_FORMAT = Dynamic;

-- ----------------------------
-- Records of stockouts
-- ----------------------------
INSERT INTO `stockouts` VALUES (1, 1, 6, 2, 5, '0000-00-00', NULL, NULL, '2019-12-05 11:54:56', '2019-12-05 11:54:56', 3, 3, 1, NULL);
INSERT INTO `stockouts` VALUES (2, 1, 2, 2, 5, '0000-00-00', NULL, NULL, '2019-12-05 11:54:56', '2019-12-05 11:54:56', 3, 3, 1, NULL);
INSERT INTO `stockouts` VALUES (3, 1, 6, 2, 5, '0000-00-00', NULL, NULL, '2019-12-05 11:54:56', '2019-12-05 11:54:56', 3, 3, 1, NULL);

-- ----------------------------
-- Table structure for stocks
-- ----------------------------
DROP TABLE IF EXISTS `stocks`;
CREATE TABLE `stocks`  (
  `id` int(10) NOT NULL AUTO_INCREMENT,
  `product_id` int(20) NOT NULL,
  `transaction_type` varchar(10) CHARACTER SET utf8 COLLATE utf8_unicode_ci NOT NULL,
  `transaction_id` int(20) NULL DEFAULT NULL,
  `quantity` int(11) NULL DEFAULT NULL,
  `stock_available_before_transaction` int(20) NULL DEFAULT NULL,
  `stock_available_after_transaction` int(20) NULL DEFAULT NULL,
  `date` date NULL DEFAULT NULL,
  `created_at` datetime(0) NULL DEFAULT NULL,
  `updated_at` datetime(0) NULL DEFAULT NULL,
  `created_by` int(10) NULL DEFAULT NULL,
  `updated_by` int(11) NULL DEFAULT NULL,
  `is_active` int(2) NULL DEFAULT NULL,
  `deleted_at` datetime(0) NULL DEFAULT NULL,
  PRIMARY KEY (`id`) USING BTREE
) ENGINE = InnoDB AUTO_INCREMENT = 10 CHARACTER SET = utf8 COLLATE = utf8_unicode_ci ROW_FORMAT = Dynamic;

-- ----------------------------
-- Records of stocks
-- ----------------------------
INSERT INTO `stocks` VALUES (1, 4, 'stockin', 1, 5, 100, 105, '2019-12-01', '2019-12-04 16:52:37', '2019-12-04 16:52:37', 3, 3, 1, NULL);
INSERT INTO `stocks` VALUES (2, 5, 'stockin', 2, 4, 100, 104, '2019-12-01', '2019-12-04 16:52:37', '2019-12-04 16:52:37', 3, 3, 1, NULL);
INSERT INTO `stocks` VALUES (3, 6, 'stockout', 1, 5, 100, 95, '0000-00-00', '2019-12-05 11:54:56', '2019-12-05 11:54:56', 3, 3, 1, NULL);
INSERT INTO `stocks` VALUES (4, 2, 'stockout', 2, 5, 100, 95, '0000-00-00', '2019-12-05 11:54:56', '2019-12-05 11:54:56', 3, 3, 1, NULL);
INSERT INTO `stocks` VALUES (5, 6, 'stockout', 3, 5, 95, 90, '0000-00-00', '2019-12-05 11:54:56', '2019-12-05 11:54:56', 3, 3, 1, NULL);
INSERT INTO `stocks` VALUES (6, 5, 'stockin', 3, 21, 104, 125, NULL, '2019-12-07 18:17:57', '2019-12-07 18:17:57', 3, 3, 1, NULL);
INSERT INTO `stocks` VALUES (7, 5, 'stockin', 4, 7, 125, 132, NULL, '2019-12-07 22:45:10', '2019-12-07 22:45:10', 3, 3, 1, NULL);
INSERT INTO `stocks` VALUES (8, 5, 'stockin', 5, 6, 132, 138, NULL, '2019-12-07 22:45:18', '2019-12-07 22:45:18', 3, 3, 1, NULL);
INSERT INTO `stocks` VALUES (9, 2, 'stockin', 6, 7, 95, 102, NULL, '2019-12-07 22:45:27', '2019-12-07 22:45:27', 3, 3, 1, NULL);

-- ----------------------------
-- Table structure for suppliers
-- ----------------------------
DROP TABLE IF EXISTS `suppliers`;
CREATE TABLE `suppliers`  (
  `id` int(10) NOT NULL AUTO_INCREMENT,
  `company_name` varchar(100) CHARACTER SET utf8 COLLATE utf8_unicode_ci NOT NULL,
  `owner_name` varchar(100) CHARACTER SET utf8 COLLATE utf8_unicode_ci NULL DEFAULT NULL,
  `address` varchar(255) CHARACTER SET utf8 COLLATE utf8_unicode_ci NULL DEFAULT NULL,
  `contact_no` varchar(20) CHARACTER SET utf8 COLLATE utf8_unicode_ci NULL DEFAULT NULL,
  `email` varchar(30) CHARACTER SET utf8 COLLATE utf8_unicode_ci NULL DEFAULT NULL,
  `created_at` datetime(0) NULL DEFAULT NULL,
  `updated_at` datetime(0) NULL DEFAULT NULL,
  `created_by` int(10) NULL DEFAULT NULL,
  `updated_by` int(11) NULL DEFAULT NULL,
  `is_active` int(2) NULL DEFAULT NULL,
  `deleted_at` datetime(0) NULL DEFAULT NULL,
  PRIMARY KEY (`id`) USING BTREE
) ENGINE = InnoDB AUTO_INCREMENT = 9 CHARACTER SET = utf8 COLLATE = utf8_unicode_ci ROW_FORMAT = Dynamic;

-- ----------------------------
-- Records of suppliers
-- ----------------------------
INSERT INTO `suppliers` VALUES (1, 'Hamid Enterprise', 'sfsdf', 'sdfsdf', '014777575757', 'rtr', '2019-11-11 14:59:22', '2019-11-29 23:50:52', NULL, 3, 0, NULL);
INSERT INTO `suppliers` VALUES (2, 'Bablu Ltd', 'Aslam Sheikh', 'Doliapara, Puran Dhaka', '0155656566', 'ssdtyryryy@gmail.com', '2019-11-11 15:32:46', '2019-11-30 00:17:58', NULL, 3, 1, NULL);
INSERT INTO `suppliers` VALUES (8, 'Mega Solutions', 'Jamal Bhuyian', 'Agarogar, Mirpur', '0155665656', 'megasoln@gmail.com', '2019-11-29 23:51:29', '2019-11-29 23:51:29', 3, 3, NULL, NULL);

-- ----------------------------
-- Table structure for users
-- ----------------------------
DROP TABLE IF EXISTS `users`;
CREATE TABLE `users`  (
  `id` int(11) UNSIGNED NOT NULL AUTO_INCREMENT,
  `ip_address` varchar(45) CHARACTER SET utf8 COLLATE utf8_unicode_ci NOT NULL,
  `username` varchar(100) CHARACTER SET utf8 COLLATE utf8_unicode_ci NULL DEFAULT NULL,
  `password` varchar(255) CHARACTER SET utf8 COLLATE utf8_unicode_ci NOT NULL,
  `email` varchar(254) CHARACTER SET utf8 COLLATE utf8_unicode_ci NOT NULL,
  `activation_selector` varchar(255) CHARACTER SET utf8 COLLATE utf8_unicode_ci NULL DEFAULT NULL,
  `activation_code` varchar(255) CHARACTER SET utf8 COLLATE utf8_unicode_ci NULL DEFAULT NULL,
  `forgotten_password_selector` varchar(255) CHARACTER SET utf8 COLLATE utf8_unicode_ci NULL DEFAULT NULL,
  `forgotten_password_code` varchar(255) CHARACTER SET utf8 COLLATE utf8_unicode_ci NULL DEFAULT NULL,
  `forgotten_password_time` int(11) UNSIGNED NULL DEFAULT NULL,
  `remember_selector` varchar(255) CHARACTER SET utf8 COLLATE utf8_unicode_ci NULL DEFAULT NULL,
  `remember_code` varchar(255) CHARACTER SET utf8 COLLATE utf8_unicode_ci NULL DEFAULT NULL,
  `created_on` int(11) UNSIGNED NOT NULL,
  `last_login` int(11) UNSIGNED NULL DEFAULT NULL,
  `active` tinyint(1) UNSIGNED NULL DEFAULT NULL,
  `first_name` varchar(50) CHARACTER SET utf8 COLLATE utf8_unicode_ci NULL DEFAULT NULL,
  `last_name` varchar(50) CHARACTER SET utf8 COLLATE utf8_unicode_ci NULL DEFAULT NULL,
  `company` varchar(100) CHARACTER SET utf8 COLLATE utf8_unicode_ci NULL DEFAULT NULL,
  `phone` varchar(20) CHARACTER SET utf8 COLLATE utf8_unicode_ci NULL DEFAULT NULL,
  `file_path` varchar(100) CHARACTER SET utf8 COLLATE utf8_unicode_ci NULL DEFAULT NULL,
  PRIMARY KEY (`id`) USING BTREE,
  UNIQUE INDEX `uc_email`(`email`) USING BTREE,
  UNIQUE INDEX `uc_activation_selector`(`activation_selector`) USING BTREE,
  UNIQUE INDEX `uc_forgotten_password_selector`(`forgotten_password_selector`) USING BTREE,
  UNIQUE INDEX `uc_remember_selector`(`remember_selector`) USING BTREE
) ENGINE = InnoDB AUTO_INCREMENT = 4 CHARACTER SET = utf8 COLLATE = utf8_unicode_ci ROW_FORMAT = Dynamic;

-- ----------------------------
-- Records of users
-- ----------------------------
INSERT INTO `users` VALUES (2, '::1', 'test', '$2y$10$CxCkP7V0p7H0RJdl3EAf.O0TrCnkw1JyxokGtIEww3JCvSk6aTp7m', 'test@test.com', NULL, NULL, NULL, NULL, NULL, NULL, NULL, 1573453197, 2019, 1, 'Test', 'Test', NULL, '0.03123102', 'assets/images/user/1482829335.png');
INSERT INTO `users` VALUES (3, '::1', 'admin', '$2y$12$DyDxZl3xczxcxF.TIvnjhu5wioqcApkfFYUQMKnh0G8Rb.FPHr4aq', 'admin@localhost.com', NULL, NULL, NULL, NULL, NULL, NULL, NULL, 1573453197, 2019, 1, 'Admin', 'admin', NULL, NULL, NULL);

-- ----------------------------
-- Table structure for users_groups
-- ----------------------------
DROP TABLE IF EXISTS `users_groups`;
CREATE TABLE `users_groups`  (
  `id` int(11) UNSIGNED NOT NULL AUTO_INCREMENT,
  `user_id` int(11) UNSIGNED NOT NULL,
  `group_id` mediumint(8) UNSIGNED NOT NULL,
  PRIMARY KEY (`id`) USING BTREE,
  UNIQUE INDEX `uc_users_groups`(`user_id`, `group_id`) USING BTREE,
  INDEX `fk_users_groups_users1_idx`(`user_id`) USING BTREE,
  INDEX `fk_users_groups_groups1_idx`(`group_id`) USING BTREE,
  CONSTRAINT `fk_users_groups_groups1` FOREIGN KEY (`group_id`) REFERENCES `groups` (`id`) ON DELETE CASCADE ON UPDATE NO ACTION,
  CONSTRAINT `fk_users_groups_users1` FOREIGN KEY (`user_id`) REFERENCES `users` (`id`) ON DELETE CASCADE ON UPDATE NO ACTION
) ENGINE = InnoDB AUTO_INCREMENT = 11 CHARACTER SET = utf8 COLLATE = utf8_general_ci ROW_FORMAT = Dynamic;

-- ----------------------------
-- Records of users_groups
-- ----------------------------
INSERT INTO `users_groups` VALUES (9, 2, 2);
INSERT INTO `users_groups` VALUES (10, 3, 1);

SET FOREIGN_KEY_CHECKS = 1;
